Gene,Mutation,Drug,author ,resistant/susceptible? ,level of resistance/MIC,no strains,reference strains ,vitro/clinical ,dna sequencing ,PMID,PMID,project accession number ,Type 
fbiA,C110A,Delamanid,"Yang, 2018 ",S,,1,,clinical ,sanger,30215242,10.3343/alm.2019.39.1.113,NA,N
fbiA,C883T,Delamanid,"Yang, 2018 ",S,,1,,clinical ,sanger,30215242,10.3343/alm.2019.39.1.113,NA,N
fbiA,C189T,Delamanid,"Yang, 2018 ",S,,1,,clinical ,sanger,30215242,10.3343/alm.2019.39.1.113,NA,N
fbiA,C337T,Delamanid,"Yang, 2018 ",S,,3,,clinical ,sanger,30215242,10.3343/alm.2019.39.1.113,NA,N
fbiA,C337T,Delamanid,"Yang, 2018 ",S,,1,,clinical ,sanger,30215242,10.3343/alm.2019.39.1.113,NA,N
fbiA,G542A,Delamanid,"Yang, 2018 ",S,,1,,clinical ,sanger,30215242,10.3343/alm.2019.39.1.113,NA,N
fbiA,C582T,Delamanid,"Yang, 2018 ",S,,1,,clinical ,sanger,30215242,10.3343/alm.2019.39.1.113,NA,N
fbiA,C801T,Delamanid,"Yang, 2018 ",S,,1,,clinical ,sanger,30215242,10.3343/alm.2019.39.1.113,NA,N
fbiA,T659G,Delamanid,"Yang, 2018 ",S,,1,,clinical ,sanger,30215242,10.3343/alm.2019.39.1.113,NA,N
ddn,C117A,Delamanid,"Yang, 2018 ",S,,5,,clinical ,sanger,30215242,10.3343/alm.2019.39.1.113,NA,N
ddn,G241A,Delamanid,"Yang, 2018 ",S,,5,,clinical ,sanger,30215242,10.3343/alm.2019.39.1.113,NA,N
ddn,G241A,Delamanid,"Yang, 2018 ",R,,31,,clinical ,sanger,30215242,10.3343/alm.2019.39.1.113,NA,N
ddn,G242A,Delamanid,"Yang, 2018 ",R,,2,,clinical ,sanger,30215242,10.3343/alm.2019.39.1.113,NA,N
Rv0678,A199G,Bedaquiline,"Yang, 2018 ",S,,1,,clinical ,sanger,30215242,10.3343/alm.2019.39.1.113,NA,N
Rv0678,A263G,Bedaquiline,"Yang, 2018 ",S,,1,,clinical ,sanger,30215242,10.3343/alm.2019.39.1.113,NA,N
Rv0678,C270A,Bedaquiline,"Yang, 2018 ",S,,1,,clinical ,sanger,30215242,10.3343/alm.2019.39.1.113,NA,N
Rv0678,C33T,Bedaquiline,"Yang, 2018 ",S,,14,,clinical ,sanger,30215242,10.3343/alm.2019.39.1.113,NA,N
Rv0678,C33T,Bedaquiline,"Yang, 2018 ",S,,1,,clinical ,sanger,30215242,10.3343/alm.2019.39.1.113,NA,N
Rv0678,A63C,Bedaquiline,"Yang, 2018 ",S,,1,,clinical ,sanger,30215242,10.3343/alm.2019.39.1.113,NA,N
Rv0678,C9A,Bedaquiline,"Yang, 2018 ",S,,1,,clinical ,sanger,30215242,10.3343/alm.2019.39.1.113,NA,N
Rv0678,G368A,Bedaquiline,"Yang, 2018 ",S,,4,,clinical ,sanger,30215242,10.3343/alm.2019.39.1.113,NA,N
Rv0678,T437C,Bedaquiline,"Yang, 2018 ",S,,1,,clinical ,sanger,30215242,10.3343/alm.2019.39.1.113,NA,N
atpE,C124T,Bedaquiline,"Yang, 2018 ",S,,1,,clinical ,sanger,30215242,10.3343/alm.2019.39.1.113,NA,N
Rv0678,A292G,Bedaquiline,"Yang, 2018 ",R,,1,,clinical ,sanger,30215242,10.3343/alm.2019.39.1.113,NA,N
Rv0678,A63C,Bedaquiline,"Yang, 2018 ",R,,2,,clinical ,sanger,30215242,10.3343/alm.2019.39.1.113,NA,N
Rv0678,A91C,Bedaquiline,"Yang, 2018 ",R,,1,,clinical ,sanger,30215242,10.3343/alm.2019.39.1.113,NA,N
Rv0678,C268T,Bedaquiline,"Yang, 2018 ",R,,1,,clinical ,sanger,30215242,10.3343/alm.2019.39.1.113,NA,N
Rv0678,C33T,Bedaquiline,"Yang, 2018 ",R,,2,,clinical ,sanger,30215242,10.3343/alm.2019.39.1.113,NA,N
Rv0678,C33T,Bedaquiline,"Yang, 2018 ",R,,1,,clinical ,sanger,30215242,10.3343/alm.2019.39.1.113,NA,N
Rv0678,T236C,Bedaquiline,"Yang, 2018 ",R,,1,,clinical ,sanger,30215242,10.3343/alm.2019.39.1.113,NA,N
Rv0678,C98G,Bedaquiline,"Yang, 2018 ",R,,1,,clinical ,sanger,30215242,10.3343/alm.2019.39.1.113,NA,N
Rv0678,G368A,Bedaquiline,"Yang, 2018 ",R,,1,,clinical ,sanger,30215242,10.3343/alm.2019.39.1.113,NA,N
rrl,C2223T,Linezolid,"Yang, 2018 ",S,,1,,clinical ,sanger,30215242,10.3343/alm.2019.39.1.113,NA,N
rrl,C2232T,Linezolid,"Yang, 2018 ",S,,1,,clinical ,sanger,30215242,10.3343/alm.2019.39.1.113,NA,N
rrl,G2324A,Linezolid,"Yang, 2018 ",S,,2,,clinical ,sanger,30215242,10.3343/alm.2019.39.1.113,NA,N
rrl,A2526C,Linezolid,"Yang, 2018 ",S,,2,,clinical ,sanger,30215242,10.3343/alm.2019.39.1.113,NA,N
rrl,C2990T,Linezolid,"Yang, 2018 ",S,,1,,clinical ,sanger,30215242,10.3343/alm.2019.39.1.113,NA,N
rrl,C2993G,Linezolid,"Yang, 2018 ",S,,1,,clinical ,sanger,30215242,10.3343/alm.2019.39.1.113,NA,N
rrl,A3094G,Linezolid,"Yang, 2018 ",S,,1,,clinical ,sanger,30215242,10.3343/alm.2019.39.1.113,NA,N
rplC,A328G,Linezolid,"Yang, 2018 ",S,,1,,clinical ,sanger,30215242,10.3343/alm.2019.39.1.113,NA,N
23S rRNA (rr/),G2270C,Linezolid,"Jian Du, 2021",R,,1,,clinical ,sanger,34012425,10.3389/fmicb.2021.655653,NA,N
23S rRNA (rr/),G2270T,Linezolid,"Jian Du, 2021",R,,1,,clinical ,sanger,34012425,10.3389/fmicb.2021.655653,NA,N
23S rRNA (rr/),G2270T,Linezolid,"Jian Du, 2021",R,,1,,clinical ,sanger,34012425,10.3389/fmicb.2021.655653,NA,N
rplC,T460C,Linezolid,"Jian Du, 2021",R,,1,,clinical ,sanger,34012425,10.3389/fmicb.2021.655653,NA,N
rplC,T460C,Linezolid,"Jian Du, 2021",R,,1,,clinical ,sanger,34012425,10.3389/fmicb.2021.655653,NA,N
rplC,T460C,Linezolid,"Jian Du, 2021",R,,1,,clinical ,sanger,34012425,10.3389/fmicb.2021.655653,NA,N
rplC,T460C,Linezolid,"Jian Du, 2021",R,,1,,clinical ,sanger,34012425,10.3389/fmicb.2021.655653,NA,N
rplC,T460C,Linezolid,"Jian Du, 2021",R,,1,,clinical ,sanger,34012425,10.3389/fmicb.2021.655653,NA,N
rplC,T460C,Linezolid,"Jian Du, 2021",R,,1,,clinical ,sanger,34012425,10.3389/fmicb.2021.655653,NA,N
rplC,T460C,Linezolid,"Jian Du, 2021",R,,1,,clinical ,sanger,34012425,10.3389/fmicb.2021.655653,NA,N
Rv0678,Gln51Arg,Bedaquiline,"Yan Hu, 2023",R,,3,,clinical ,WGS,36855179,10.1186/s12941-023-00568-0,not available,A
Rv0678,Phe19Ser,Bedaquiline,"Yan Hu, 2023",R,,1,,clinical ,WGS,36855179,10.1186/s12941-023-00568-0,not available,A
Rv0678,492 position ins GA,Bedaquiline,"Yan Hu, 2023",R,,1,,clinical ,WGS,36855179,10.1186/s12941-023-00568-0,not available,N
Rv0678,274 position ins A,Bedaquiline,"Yan Hu, 2023",R,,1,,clinical ,WGS,36855179,10.1186/s12941-023-00568-0,not available,N
Rv0678,Gly103Ser,Bedaquiline,"Yan Hu, 2023",S,,1,,clinical ,WGS,36855179,10.1186/s12941-023-00568-0,not available,A
Rv0678,Ala62Thr,Bedaquiline,"Yan Hu, 2023",S,,1,,clinical ,WGS,36855179,10.1186/s12941-023-00568-0,not available,A
Rv1979,Val426lle,Bedaquiline,"Yan Hu, 2023",S,,5,,clinical ,WGS,36855179,10.1186/s12941-023-00568-0,not available,A
Rv1979,C−70G,Bedaquiline,"Yan Hu, 2023",S,,1,,clinical ,WGS,36855179,10.1186/s12941-023-00568-0,not available,N
Rv1979,GCG717GCA,Bedaquiline,"Yan Hu, 2023",S,,1,,clinical ,WGS,36855179,10.1186/s12941-023-00568-0,not available,N
Rv1979,Ser262Leu,Bedaquiline,"Yan Hu, 2023",S,,1,,clinical ,WGS,36855179,10.1186/s12941-023-00568-0,not available,A
Rv1979,Val96lle,Bedaquiline,"Yan Hu, 2023",S,,1,,clinical ,WGS,36855179,10.1186/s12941-023-00568-0,not available,A
Rv1979,Ala150Val,Bedaquiline,"Yan Hu, 2023",S,,1,,clinical ,WGS,36855179,10.1186/s12941-023-00568-0,not available,A
Rv1979,Val52Gly,Bedaquiline,"Yan Hu, 2023",S,,1,,clinical ,WGS,36855179,10.1186/s12941-023-00568-0,not available,A
Rv0678,G6fs (Del_16–17 gg),Bedaquiline ,"Battaglia S, 2020",R,0.5,1,H37Rv reference strain (GenBank accession number NC_000962.3,clinical ,WGS,32907992,10.1128/JCM.01304-20,SRP128089,
Rv0678,Q9fs (Ins_27 c),Bedaquiline ,"Battaglia S, 2020",R,0.5,1,H37Rv reference strain (GenBank accession number NC_000962.3,clinical ,WGS,32907992,10.1128/JCM.01304-20,SRP128089,
Rv0678,Y92fs (Ins_274 a),Bedaquiline ,"Battaglia S, 2020",R,0.5,1,H37Rv reference strain (GenBank accession number NC_000962.3,clinical ,WGS,32907992,10.1128/JCM.01304-20,SRP128089,
Rv0678,R96W ,Bedaquiline ,"Battaglia S, 2020",R,0.25,1,H37Rv reference strain (GenBank accession number NC_000962.3,clinical ,WGS,32907992,10.1128/JCM.01304-20,SRP128089,
Rv0678,M111K ,Bedaquiline ,"Battaglia S, 2020",R,0.25,1,H37Rv reference strain (GenBank accession number NC_000962.3,clinical ,WGS,32907992,10.1128/JCM.01304-20,SRP128089,
ddn,M1fs (Del_2 t),Delamanid,"Battaglia S, 2020",R,2,1,H37Rv reference strain (GenBank accession number NC_000962.3,clinical ,WGS,32907992,10.1128/JCM.01304-20,SRP128089,
ddn,P2Q ,Delamanid,"Battaglia S, 2020",R,0.25,1,H37Rv reference strain (GenBank accession number NC_000962.3,clinical ,WGS,32907992,10.1128/JCM.01304-20,SRP128089,
ddn,S14fs (Del_41 g),Delamanid,"Battaglia S, 2020",R,>4,1,H37Rv reference strain (GenBank accession number NC_000962.3,clinical ,WGS,32907992,10.1128/JCM.01304-20,SRP128089,
ddn-fbiA,g-18a,Delamanid,"Battaglia S, 2020",R,>4,1,H37Rv reference strain (GenBank accession number NC_000962.3,clinical ,WGS,32907992,10.1128/JCM.01304-20,SRP128089,
ddn,R30H ,Delamanid,"Battaglia S, 2020",R,1,1,H37Rv reference strain (GenBank accession number NC_000962.3,clinical ,WGS,32907992,10.1128/JCM.01304-20,SRP128089,
ddn,G34E,Delamanid,"Battaglia S, 2020",R,0.12,9,H37Rv reference strain (GenBank accession number NC_000962.3,clinical ,WGS,32907992,10.1128/JCM.01304-20,SRP128089,
ddn,Q58Stop ,Delamanid,"Battaglia S, 2020",R,>4,3,H37Rv reference strain (GenBank accession number NC_000962.3,clinical ,WGS,32907992,10.1128/JCM.01304-20,SRP128089,
ddn-fbiA,V61G ,Delamanid,"Battaglia S, 2020",R,0.12,3,H37Rv reference strain (GenBank accession number NC_000962.3,clinical ,WGS,32907992,10.1128/JCM.01304-20,SRP128089,
ddn-fbiA,I208V ,Delamanid,"Battaglia S, 2020",R,0.12,3,H37Rv reference strain (GenBank accession number NC_000962.3,clinical ,WGS,32907992,10.1128/JCM.01304-20,SRP128089,
ddn-fbiA,N91T ,Delamanid,"Battaglia S, 2020",R,0.25,3,H37Rv reference strain (GenBank accession number NC_000962.3,clinical ,WGS,32907992,10.1128/JCM.01304-20,SRP128089,
ddn-fbiA,V58I ,Delamanid,"Battaglia S, 2020",R,0.25,3,H37Rv reference strain (GenBank accession number NC_000962.3,clinical ,WGS,32907992,10.1128/JCM.01304-20,SRP128089,
ddn,T140I ,Delamanid,"Battaglia S, 2020",R,0.5,1,H37Rv reference strain (GenBank accession number NC_000962.3,clinical ,WGS,32907992,10.1128/JCM.01304-20,SRP128089,
fgd1,G314E ,Delamanid,"Battaglia S, 2020",R,0.12,1,H37Rv reference strain (GenBank accession number NC_000962.3,clinical ,WGS,32907992,10.1128/JCM.01304-20,SRP128089,
fbiA,K2E ,Delamanid,"Battaglia S, 2020",R,0.12,2,H37Rv reference strain (GenBank accession number NC_000962.3,clinical ,WGS,32907992,10.1128/JCM.01304-20,SRP128089,
fbiA,V154I ,Delamanid,"Battaglia S, 2020",R,0.12,1,H37Rv reference strain (GenBank accession number NC_000962.3,clinical ,WGS,32907992,10.1128/JCM.01304-20,SRP128089,
fbiA-fbiB,P159Q ,Delamanid,"Battaglia S, 2020",R,0.12,1,H37Rv reference strain (GenBank accession number NC_000962.3,clinical ,WGS,32907992,10.1128/JCM.01304-20,SRP128089,
fbiA-fbiB,K448R,Delamanid,"Battaglia S, 2020",R,0.12,1,H37Rv reference strain (GenBank accession number NC_000962.3,clinical ,WGS,32907992,10.1128/JCM.01304-20,SRP128089,
fbiA,I208V ,Delamanid,"Battaglia S, 2020",R,0.25,22,H37Rv reference strain (GenBank accession number NC_000962.3,clinical ,WGS,32907992,10.1128/JCM.01304-20,SRP128089,
fbiA,I209V ,Delamanid,"Battaglia S, 2020",R,0.5,1,H37Rv reference strain (GenBank accession number NC_000962.3,clinical ,WGS,32907992,10.1128/JCM.01304-20,SRP128089,
fbiA,C287Stop ,Delamanid,"Battaglia S, 2020",R,4,1,H37Rv reference strain (GenBank accession number NC_000962.3,clinical ,WGS,32907992,10.1128/JCM.01304-20,SRP128089,
fbiA,R304Q ,Delamanid,"Battaglia S, 2020",R,0.25,1,H37Rv reference strain (GenBank accession number NC_000962.3,clinical ,WGS,32907992,10.1128/JCM.01304-20,SRP128089,
fbiB,G221S ,Delamanid,"Battaglia S, 2020",R,0.12,4,H37Rv reference strain (GenBank accession number NC_000962.3,clinical ,WGS,32907992,10.1128/JCM.01304-20,SRP128089,
fbiB,D224N ,Delamanid,"Battaglia S, 2020",R,0.5,2,H37Rv reference strain (GenBank accession number NC_000962.3,clinical ,WGS,32907992,10.1128/JCM.01304-20,SRP128089,
fbiB,G273R ,Delamanid,"Battaglia S, 2020",R,0.25,1,H37Rv reference strain (GenBank accession number NC_000962.3,clinical ,WGS,32907992,10.1128/JCM.01304-20,SRP128089,
fbiC,Y104C ,Delamanid,"Battaglia S, 2020",R,0.5,1,H37Rv reference strain (GenBank accession number NC_000962.3,clinical ,WGS,32907992,10.1128/JCM.01304-20,SRP128089,
fbiC,G112A ,Delamanid,"Battaglia S, 2020",R,0.12,2,H37Rv reference strain (GenBank accession number NC_000962.3,clinical ,WGS,32907992,10.1128/JCM.01304-20,SRP128089,
fbiC,L228F ,Delamanid,"Battaglia S, 2020",R,0.12,1,H37Rv reference strain (GenBank accession number NC_000962.3,clinical ,WGS,32907992,10.1128/JCM.01304-20,SRP128089,
fbiC-fbiB,S280L ,Delamanid,"Battaglia S, 2020",R,0.12,1,H37Rv reference strain (GenBank accession number NC_000962.3,clinical ,WGS,32907992,10.1128/JCM.01304-20,SRP128089,
fbiC-fbiB,R230Q ,Delamanid,"Battaglia S, 2020",R,0.12,1,H37Rv reference strain (GenBank accession number NC_000962.3,clinical ,WGS,32907992,10.1128/JCM.01304-20,SRP128089,
fbiC,P523L,Delamanid,"Battaglia S, 2020",R,0.5,2,H37Rv reference strain (GenBank accession number NC_000962.3,clinical ,WGS,32907992,10.1128/JCM.01304-20,SRP128089,
fbiC,N724S ,Delamanid,"Battaglia S, 2020",R,0.25,1,H37Rv reference strain (GenBank accession number NC_000962.3,clinical ,WGS,32907992,10.1128/JCM.01304-20,SRP128089,
fbiC,S762N ,Delamanid,"Battaglia S, 2020",R,0.12,1,H37Rv reference strain (GenBank accession number NC_000962.3,clinical ,WGS,32907992,10.1128/JCM.01304-20,SRP128089,
fbiC,A835V ,Delamanid,"Battaglia S, 2020",R,0.5,17,H37Rv reference strain (GenBank accession number NC_000962.3,clinical ,WGS,32907992,10.1128/JCM.01304-20,SRP128089,
fbiC,A855fs ,Delamanid,"Battaglia S, 2020",R,0.5,28,H37Rv reference strain (GenBank accession number NC_000962.3,clinical ,WGS,32907992,10.1128/JCM.01304-20,SRP128089,
fbiC-fbiB,A855fs (Del 62 nt),Delamanid,"Battaglia S, 2020",R,0.25,1,H37Rv reference strain (GenBank accession number NC_000962.3,clinical ,WGS,32907992,10.1128/JCM.01304-20,SRP128089,
fbiC-fbiB,L447R ,Delamanid,"Battaglia S, 2020",R,0.25,1,H37Rv reference strain (GenBank accession number NC_000962.3,clinical ,WGS,32907992,10.1128/JCM.01304-20,SRP128089,
fbiC,A856P ,Delamanid,"Battaglia S, 2020",R,0.25,1,H37Rv reference strain (GenBank accession number NC_000962.3,clinical ,WGS,32907992,10.1128/JCM.01304-20,SRP128089,
atpE,A83T,Bedaquiline ,"Ismail N, 2018",R,>8 (μg/ml),1,ATCC reference strain (ATCC27294- Wild type/Fully susceptible [WT],vitro,WGS,30165087,10.1016/j.mimet.2018.08.011,ATCC35828 (PZAR),
Rv0678,C403G,Bedaquiline ,"Ismail N, 2018",R,4,619,ATCC reference strain ATCC35828-Pyrazinamide resistant [PZAR].,vitro,WGS,30165087,10.1016/j.mimet.2018.08.011,ATCC35828 (PZAR),
atpE,A83G,Bedaquiline ,"Ismail N, 2018",R,8,619,ATCC reference strain ATCC35828-Pyrazinamide resistant [PZAR].,vitro,WGS,30165087,10.1016/j.mimet.2018.08.011,ATCC35828 (PZAR),
atpE,G187C,Bedaquiline ,"Ismail N, 2018",R,>8,619,ATCC reference strain ATCC35828-Pyrazinamide resistant [PZAR].,vitro,WGS,30165087,10.1016/j.mimet.2018.08.011,ATCC35828 (PZAR),
Rv0678,193delG,Clofazimine,"Ismail N, 2018",R,2,6937,ATCC reference strain (ATCC27294- Wild type/Fully susceptible [WT],vitro,WGS,30165087,10.1016/j.mimet.2018.08.011,ATCC35828 (PZAR),
Rv0678,193delG,Clofazimine,"Ismail N, 2018",R,4,6937,ATCC reference strain (ATCC27294- Wild type/Fully susceptible [WT],vitro,WGS,30165087,10.1016/j.mimet.2018.08.011,ATCC35828 (PZAR),
Rv0678,A65T,Clofazimine,"Ismail N, 2018",R,4,6937,ATCC reference strain (ATCC27294- Wild type/Fully susceptible [WT],vitro,WGS,30165087,10.1016/j.mimet.2018.08.011,ATCC35828 (PZAR),
Rv0678,T407C,Clofazimine,"Ismail N, 2018",R,1,"12,371",ATCC reference strain ATCC35828-Pyrazinamide resistant [PZAR].,vitro,WGS,30165087,10.1016/j.mimet.2018.08.011,ATCC35828 (PZAR),
Rv0678,C214T,Clofazimine,"Ismail N, 2018",R,2,"12,371",ATCC reference strain ATCC35828-Pyrazinamide resistant [PZAR].,vitro,WGS,30165087,10.1016/j.mimet.2018.08.011,ATCC35828 (PZAR),
Rv0678,G137A,Clofazimine,"Ismail N, 2018",R,4,"12,371",ATCC reference strain ATCC35828-Pyrazinamide resistant [PZAR].,vitro,WGS,30165087,10.1016/j.mimet.2018.08.011,ATCC35828 (PZAR),
Rv0678,A97G,Clofazimine,"Ismail N, 2018",R,4,"12,371",ATCC reference strain ATCC35828-Pyrazinamide resistant [PZAR].,vitro,WGS,30165087,10.1016/j.mimet.2018.08.011,ATCC35828 (PZAR),
rplC,T460C,Linezolid,"Ismail N, 2018",R,>8,2,ATCC reference strain (ATCC27294- Wild type/Fully susceptible [WT],vitro,WGS,30165087,10.1016/j.mimet.2018.08.011,ATCC35828 (PZAR),
rplC,T460C,Linezolid,"Ismail N, 2018",R,>8,2,ATCC reference strain (ATCC27294- Wild type/Fully susceptible [WT],vitro,WGS,30165087,10.1016/j.mimet.2018.08.011,ATCC35828 (PZAR),
rrl,G2270C,Linezolid,"Ismail N, 2018",R,4,13,ATCC reference strain ATCC35828-Pyrazinamide resistant [PZAR].,vitro,WGS,30165087,10.1016/j.mimet.2018.08.011,ATCC35828 (PZAR),
rrl,A2810C,Linezolid,"Ismail N, 2018",R,4,13,ATCC reference strain ATCC35828-Pyrazinamide resistant [PZAR].,vitro,WGS,30165087,10.1016/j.mimet.2018.08.011,ATCC35828 (PZAR),
rplC,T460C,Linezolid,"Ismail N, 2018",R,8a,13,ATCC reference strain ATCC35828-Pyrazinamide resistant [PZAR].,vitro,WGS,30165087,10.1016/j.mimet.2018.08.011,ATCC35828 (PZAR),
rplC,T460C,Linezolid,"Ismail N, 2018",R,>8b,13,ATCC reference strain ATCC35828-Pyrazinamide resistant [PZAR].,vitro,WGS,30165087,10.1016/j.mimet.2018.08.011,ATCC35828 (PZAR),
Rv0678,V85F,Clofazimine,"Liu Y, 2021",R,0.5 (mg/L),2,MTB H37Rv,clinical ,sanger ,33130209,10.1016/j.ijid.2020.10.081,NA,
Rv0678,R31S,Clofazimine,"Liu Y, 2021",R,0.5 (mg/L),1,MTB H37Rv,clinical ,sanger ,33130209,10.1016/j.ijid.2020.10.081,NA,
Rv0678,G65A,Clofazimine,"Liu Y, 2021",R,0.5 (mg/L),1,MTB H37Rv,clinical ,sanger ,33130209,10.1016/j.ijid.2020.10.081,NA,
Rv0678,A86V,Clofazimine,"Liu Y, 2021",R,0.5 (mg/L),1,MTB H37Rv,clinical ,sanger ,33130209,10.1016/j.ijid.2020.10.081,NA,
Rv0678,R109P,Clofazimine,"Liu Y, 2021",R,1.0 (mg/L),1,MTB H37Rv,clinical ,sanger ,33130209,10.1016/j.ijid.2020.10.081,NA,
Rv0678,Q131H,Clofazimine,"Liu Y, 2021",R,0.5 (mg/L),1,MTB H37Rv,clinical ,sanger ,33130209,10.1016/j.ijid.2020.10.081,NA,
pepQ,L145I,Clofazimine,"Liu Y, 2021",R,1.0 (mg/L),1,MTB H37Rv,clinical ,sanger ,33130209,10.1016/j.ijid.2020.10.081,NA,
Rv1979,Y99Y,Bedaquiline ,"Liu Y, 2021",S,0.016–0.06 (μg/mL),5,H37Rv strain,clinical ,sanger ,32667984,10.1093/cid/ciaa1002,NA,
Rv1979,E244K,Bedaquiline ,"Liu Y, 2021",S,0.03–0.12,3,H37Rv strain,clinical ,sanger ,32667984,10.1093/cid/ciaa1002,NA,
Rv1979,I63V,Bedaquiline ,"Liu Y, 2021",S,0.03–0.06,2,H37Rv strain,clinical ,sanger ,32667984,10.1093/cid/ciaa1002,NA,
Rv1979,Y468C,Bedaquiline ,"Liu Y, 2021",S,0.06–0.12,2,H37Rv strain,clinical ,sanger ,32667984,10.1093/cid/ciaa1002,NA,
Rv1979,V266V,Bedaquiline ,"Liu Y, 2021",S,0.03,2,H37Rv strain,clinical ,sanger ,32667984,10.1093/cid/ciaa1002,NA,
Rv1979,A209T,Bedaquiline ,"Liu Y, 2021",S,0.06,1,H37Rv strain,clinical ,sanger ,32667984,10.1093/cid/ciaa1002,NA,
Rv0678,V85F,Bedaquiline ,"Liu Y, 2021",S,0.06–0.12,2,H37Rv strain,clinical ,sanger ,32667984,10.1093/cid/ciaa1002,NA,
Rv0678,G65A,Bedaquiline ,"Liu Y, 2021",S,0.06,1,H37Rv strain,clinical ,sanger ,32667984,10.1093/cid/ciaa1002,NA,
Rv0678,V266V,Bedaquiline ,"Liu Y, 2021",S,0.03,1,H37Rv strain,clinical ,sanger ,32667984,10.1093/cid/ciaa1002,NA,
Rv0678,Q131H,Bedaquiline ,"Liu Y, 2021",S,0.12,1,H37Rv strain,clinical ,sanger ,32667984,10.1093/cid/ciaa1002,NA,
Rv0678,R31S,Bedaquiline ,"Liu Y, 2021",S,0.12,1,H37Rv strain,clinical ,sanger ,32667984,10.1093/cid/ciaa1002,NA,
pepQ,L145I,Bedaquiline ,"Liu Y, 2021",S,0.12,1,H37Rv strain,clinical ,sanger ,32667984,10.1093/cid/ciaa1002,NA,
Rv0678,−10_–9insG,Bedaquiline and Clofazimine,"Sonnenkalb L, 2023 ",R,2 (mg/L),1,,vitro,WGS,37003285,10.1016/S2666-5247(23)00002-2,"ERX5619327, ERX10074915, ERX10074916, ERX10074917",
Rv0678,16_17delG,Bedaquiline and Clofazimine,"Sonnenkalb L, 2023 ",R,1,1,,vitro,WGS,37003285,10.1016/S2666-5247(23)00002-2,"ERX5619327, ERX10074915, ERX10074916, ERX10074917",
Rv0678,26_27delAG,Bedaquiline and Clofazimine,"Sonnenkalb L, 2023 ",R,2,1,,vitro,WGS,37003285,10.1016/S2666-5247(23)00002-2,"ERX5619327, ERX10074915, ERX10074916, ERX10074917",
Rv0678,40_41delC,Bedaquiline and Clofazimine,"Sonnenkalb L, 2023 ",R,2,1,,vitro,WGS,37003285,10.1016/S2666-5247(23)00002-2,"ERX5619327, ERX10074915, ERX10074916, ERX10074917",
Rv0678,49_50delA,Bedaquiline and Clofazimine,"Sonnenkalb L, 2023 ",R,2,1,,vitro,WGS,37003285,10.1016/S2666-5247(23)00002-2,"ERX5619327, ERX10074915, ERX10074916, ERX10074917",
Rv0678,62_63delA,Bedaquiline and Clofazimine,"Sonnenkalb L, 2023 ",R,2,1,,vitro,WGS,37003285,10.1016/S2666-5247(23)00002-2,"ERX5619327, ERX10074915, ERX10074916, ERX10074917",
Rv0678,Gly24Val,Bedaquiline and Clofazimine,"Sonnenkalb L, 2023 ",R,2,3,,vitro,WGS,37003285,10.1016/S2666-5247(23)00002-2,"ERX5619327, ERX10074915, ERX10074916, ERX10074917",
Rv0678,Gly25Ser,Bedaquiline and Clofazimine,"Sonnenkalb L, 2023 ",R,2,1,,vitro,WGS,37003285,10.1016/S2666-5247(23)00002-2,"ERX5619327, ERX10074915, ERX10074916, ERX10074917",
Rv0678,89_90delG,Bedaquiline and Clofazimine,"Sonnenkalb L, 2023 ",R,2,1,,vitro,WGS,37003285,10.1016/S2666-5247(23)00002-2,"ERX5619327, ERX10074915, ERX10074916, ERX10074917",
Rv0678,Arg38Ter,Bedaquiline and Clofazimine,"Sonnenkalb L, 2023 ",R,2,4,,vitro,WGS,37003285,10.1016/S2666-5247(23)00002-2,"ERX5619327, ERX10074915, ERX10074916, ERX10074917",
Rv0678,Arg38Pro,Bedaquiline and Clofazimine,"Sonnenkalb L, 2023 ",R,1,1,,vitro,WGS,37003285,10.1016/S2666-5247(23)00002-2,"ERX5619327, ERX10074915, ERX10074916, ERX10074917",
Rv0678,Leu40Ser,Bedaquiline and Clofazimine,"Sonnenkalb L, 2023 ",R,1,1,,vitro,WGS,37003285,10.1016/S2666-5247(23)00002-2,"ERX5619327, ERX10074915, ERX10074916, ERX10074917",
Rv0678,120_121delG,Bedaquiline and Clofazimine,"Sonnenkalb L, 2023 ",R,1,1,,vitro,WGS,37003285,10.1016/S2666-5247(23)00002-2,"ERX5619327, ERX10074915, ERX10074916, ERX10074917",
Rv0678,Leu43Pro,Bedaquiline and Clofazimine,"Sonnenkalb L, 2023 ",R,1 to 2,5,,vitro,WGS,37003285,10.1016/S2666-5247(23)00002-2,"ERX5619327, ERX10074915, ERX10074916, ERX10074917",
Rv0678,Leu43Arg,Bedaquiline and Clofazimine,"Sonnenkalb L, 2023 ",R,1,1,,vitro,WGS,37003285,10.1016/S2666-5247(23)00002-2,"ERX5619327, ERX10074915, ERX10074916, ERX10074917",
Rv0678,Leu44Pro,Bedaquiline and Clofazimine,"Sonnenkalb L, 2023 ",R,1,4,,vitro,WGS,37003285,10.1016/S2666-5247(23)00002-2,"ERX5619327, ERX10074915, ERX10074916, ERX10074917",
Rv0678,Arg50Trp,Bedaquiline and Clofazimine,"Sonnenkalb L, 2023 ",R,1,16,,vitro,WGS,37003285,10.1016/S2666-5247(23)00002-2,"ERX5619327, ERX10074915, ERX10074916, ERX10074917",
Rv0678,Gln51Arg,Bedaquiline and Clofazimine,"Sonnenkalb L, 2023 ",R,2,2,,vitro,WGS,37003285,10.1016/S2666-5247(23)00002-2,"ERX5619327, ERX10074915, ERX10074916, ERX10074917",
Rv0678,Glu54Ter,Bedaquiline and Clofazimine,"Sonnenkalb L, 2023 ",R,2,1,,vitro,WGS,37003285,10.1016/S2666-5247(23)00002-2,"ERX5619327, ERX10074915, ERX10074916, ERX10074917",
Rv0678,Glu55Ter,Bedaquiline and Clofazimine,"Sonnenkalb L, 2023 ",R,1,1,,vitro,WGS,37003285,10.1016/S2666-5247(23)00002-2,"ERX5619327, ERX10074915, ERX10074916, ERX10074917",
Rv0678,Ala57Glu,Bedaquiline and Clofazimine,"Sonnenkalb L, 2023 ",R,2,1,,vitro,WGS,37003285,10.1016/S2666-5247(23)00002-2,"ERX5619327, ERX10074915, ERX10074916, ERX10074917",
Rv0678,Ala62Asp,Bedaquiline and Clofazimine,"Sonnenkalb L, 2023 ",R,2,1,,vitro,WGS,37003285,10.1016/S2666-5247(23)00002-2,"ERX5619327, ERX10074915, ERX10074916, ERX10074917",
Rv0678,Ser63Gly,Bedaquiline and Clofazimine,"Sonnenkalb L, 2023 ",R,2,3,,vitro,WGS,37003285,10.1016/S2666-5247(23)00002-2,"ERX5619327, ERX10074915, ERX10074916, ERX10074917",
Rv0678,192_193insG,Bedaquiline and Clofazimine,"Sonnenkalb L, 2023 ",R,1 to 4,18,,vitro,WGS,37003285,10.1016/S2666-5247(23)00002-2,"ERX5619327, ERX10074915, ERX10074916, ERX10074917",
Rv0678,193_194delG,Bedaquiline and Clofazimine,"Sonnenkalb L, 2023 ",R,1 to 2,13,,vitro,WGS,37003285,10.1016/S2666-5247(23)00002-2,"ERX5619327, ERX10074915, ERX10074916, ERX10074917",
Rv0678,Gly66Glu,Bedaquiline and Clofazimine,"Sonnenkalb L, 2023 ",R,2,1,,vitro,WGS,37003285,10.1016/S2666-5247(23)00002-2,"ERX5619327, ERX10074915, ERX10074916, ERX10074917",
Rv0678,Ser68Gly,Bedaquiline and Clofazimine,"Sonnenkalb L, 2023 ",R,1 to 2,9,,vitro,WGS,37003285,10.1016/S2666-5247(23)00002-2,"ERX5619327, ERX10074915, ERX10074916, ERX10074917",
Rv0678,Arg72Trp,Bedaquiline and Clofazimine,"Sonnenkalb L, 2023 ",R,1 to 2,2,,vitro,WGS,37003285,10.1016/S2666-5247(23)00002-2,"ERX5619327, ERX10074915, ERX10074916, ERX10074917",
Rv0678,Arg72Leu,Bedaquiline and Clofazimine,"Sonnenkalb L, 2023 ",R,2 to 4,3,,vitro,WGS,37003285,10.1016/S2666-5247(23)00002-2,"ERX5619327, ERX10074915, ERX10074916, ERX10074917",
Rv0678,Leu74Pro,Bedaquiline and Clofazimine,"Sonnenkalb L, 2023 ",R,1 to 2,8,,vitro,WGS,37003285,10.1016/S2666-5247(23)00002-2,"ERX5619327, ERX10074915, ERX10074916, ERX10074917",
Rv0678,228_229insT,Bedaquiline and Clofazimine,"Sonnenkalb L, 2023 ",R,2,1,,vitro,WGS,37003285,10.1016/S2666-5247(23)00002-2,"ERX5619327, ERX10074915, ERX10074916, ERX10074917",
Rv0678,Phe79Val,Bedaquiline and Clofazimine,"Sonnenkalb L, 2023 ",R,1,1,,vitro,WGS,37003285,10.1016/S2666-5247(23)00002-2,"ERX5619327, ERX10074915, ERX10074916, ERX10074917",
Rv0678,Phe79Cys,Bedaquiline and Clofazimine,"Sonnenkalb L, 2023 ",R,1,2,,vitro,WGS,37003285,10.1016/S2666-5247(23)00002-2,"ERX5619327, ERX10074915, ERX10074916, ERX10074917",
Rv0678,Ala84Val,Bedaquiline and Clofazimine,"Sonnenkalb L, 2023 ",R,1 to 2,2,,vitro,WGS,37003285,10.1016/S2666-5247(23)00002-2,"ERX5619327, ERX10074915, ERX10074916, ERX10074917",
Rv0678,263_264insT,Bedaquiline and Clofazimine,"Sonnenkalb L, 2023 ",R,2,1,,vitro,WGS,37003285,10.1016/S2666-5247(23)00002-2,"ERX5619327, ERX10074915, ERX10074916, ERX10074917",
Rv0678,274_275insA,Bedaquiline and Clofazimine,"Sonnenkalb L, 2023 ",R,1,3,,vitro,WGS,37003285,10.1016/S2666-5247(23)00002-2,"ERX5619327, ERX10074915, ERX10074916, ERX10074917",
Rv0678,281_282delG,Bedaquiline and Clofazimine,"Sonnenkalb L, 2023 ",R,2,1,,vitro,WGS,37003285,10.1016/S2666-5247(23)00002-2,"ERX5619327, ERX10074915, ERX10074916, ERX10074917",
Rv0678,291_292insA,Bedaquiline and Clofazimine,"Sonnenkalb L, 2023 ",R,2,2,,vitro,WGS,37003285,10.1016/S2666-5247(23)00002-2,"ERX5619327, ERX10074915, ERX10074916, ERX10074917",
Rv0678,292_293delA,Bedaquiline and Clofazimine,"Sonnenkalb L, 2023 ",R,2,1,,vitro,WGS,37003285,10.1016/S2666-5247(23)00002-2,"ERX5619327, ERX10074915, ERX10074916, ERX10074917",
Rv0678,Ala99Val,Bedaquiline and Clofazimine,"Sonnenkalb L, 2023 ",R,1 to 2,17,,vitro,WGS,37003285,10.1016/S2666-5247(23)00002-2,"ERX5619327, ERX10074915, ERX10074916, ERX10074917",
Rv0678,Ala102Thr,Bedaquiline and Clofazimine,"Sonnenkalb L, 2023 ",R,1 to 4,4,,vitro,WGS,37003285,10.1016/S2666-5247(23)00002-2,"ERX5619327, ERX10074915, ERX10074916, ERX10074917",
Rv0678,Gly103Arg,Bedaquiline and Clofazimine,"Sonnenkalb L, 2023 ",R,1,1,,vitro,WGS,37003285,10.1016/S2666-5247(23)00002-2,"ERX5619327, ERX10074915, ERX10074916, ERX10074917",
Rv0678,Leu114Pro,Bedaquiline and Clofazimine,"Sonnenkalb L, 2023 ",R,2,1,,vitro,WGS,37003285,10.1016/S2666-5247(23)00002-2,"ERX5619327, ERX10074915, ERX10074916, ERX10074917",
Rv0678,Gln115Ter,Bedaquiline and Clofazimine,"Sonnenkalb L, 2023 ",R,2,1,,vitro,WGS,37003285,10.1016/S2666-5247(23)00002-2,"ERX5619327, ERX10074915, ERX10074916, ERX10074917",
Rv0678,Ala118Asp,Bedaquiline and Clofazimine,"Sonnenkalb L, 2023 ",R,1,1,,vitro,WGS,37003285,10.1016/S2666-5247(23)00002-2,"ERX5619327, ERX10074915, ERX10074916, ERX10074917",
Rv0678,360_361delG,Bedaquiline and Clofazimine,"Sonnenkalb L, 2023 ",R,1 to 4,8,,vitro,WGS,37003285,10.1016/S2666-5247(23)00002-2,"ERX5619327, ERX10074915, ERX10074916, ERX10074917",
Rv0678,Gly121Glu,Bedaquiline and Clofazimine,"Sonnenkalb L, 2023 ",R,2,3,,vitro,WGS,37003285,10.1016/S2666-5247(23)00002-2,"ERX5619327, ERX10074915, ERX10074916, ERX10074917",
Rv0678,Leu122Pro,Bedaquiline and Clofazimine,"Sonnenkalb L, 2023 ",R,2,1,,vitro,WGS,37003285,10.1016/S2666-5247(23)00002-2,"ERX5619327, ERX10074915, ERX10074916, ERX10074917",
Rv0678,374_375delT,Bedaquiline and Clofazimine,"Sonnenkalb L, 2023 ",R,2,1,,vitro,WGS,37003285,10.1016/S2666-5247(23)00002-2,"ERX5619327, ERX10074915, ERX10074916, ERX10074917",
Rv0678,Leu125Pro,Bedaquiline and Clofazimine,"Sonnenkalb L, 2023 ",R,2,1,,vitro,WGS,37003285,10.1016/S2666-5247(23)00002-2,"ERX5619327, ERX10074915, ERX10074916, ERX10074917",
Rv0678,Arg132Pro,Bedaquiline and Clofazimine,"Sonnenkalb L, 2023 ",R,2,1,,vitro,WGS,37003285,10.1016/S2666-5247(23)00002-2,"ERX5619327, ERX10074915, ERX10074916, ERX10074917",
Rv0678,Arg135Trp,Bedaquiline and Clofazimine,"Sonnenkalb L, 2023 ",R,2,1,,vitro,WGS,37003285,10.1016/S2666-5247(23)00002-2,"ERX5619327, ERX10074915, ERX10074916, ERX10074917",
Rv0678,Leu136Pro,Bedaquiline and Clofazimine,"Sonnenkalb L, 2023 ",R,2,2,,vitro,WGS,37003285,10.1016/S2666-5247(23)00002-2,"ERX5619327, ERX10074915, ERX10074916, ERX10074917",
Rv0678,417_418insCGGGATCTGTTGGCATATAT,Bedaquiline and Clofazimine,"Sonnenkalb L, 2023 ",R,1 to 2,3,,vitro,WGS,37003285,10.1016/S2666-5247(23)00002-2,"ERX5619327, ERX10074915, ERX10074916, ERX10074917",
Rv0678,425_426delT,Bedaquiline and Clofazimine,"Sonnenkalb L, 2023 ",R,2,1,,vitro,WGS,37003285,10.1016/S2666-5247(23)00002-2,"ERX5619327, ERX10074915, ERX10074916, ERX10074917",
Rv0678,426_427insTTGGCATA,Bedaquiline and Clofazimine,"Sonnenkalb L, 2023 ",R,2,1,,vitro,WGS,37003285,10.1016/S2666-5247(23)00002-2,"ERX5619327, ERX10074915, ERX10074916, ERX10074917",
Rv0678,Tyr145Ter,Bedaquiline and Clofazimine,"Sonnenkalb L, 2023 ",R,1 to 2,6,,vitro,WGS,37003285,10.1016/S2666-5247(23)00002-2,"ERX5619327, ERX10074915, ERX10074916, ERX10074917",
Rv0678,Ser151Pro,Bedaquiline and Clofazimine,"Sonnenkalb L, 2023 ",R,2,1,,vitro,WGS,37003285,10.1016/S2666-5247(23)00002-2,"ERX5619327, ERX10074915, ERX10074916, ERX10074917",
Rv0678,Leu154Pro,Bedaquiline and Clofazimine,"Sonnenkalb L, 2023 ",R,2,2,,vitro,WGS,37003285,10.1016/S2666-5247(23)00002-2,"ERX5619327, ERX10074915, ERX10074916, ERX10074917",
Rv0678,465_466insC,Bedaquiline and Clofazimine,"Sonnenkalb L, 2023 ",R,1 to 2,2,,vitro,WGS,37003285,10.1016/S2666-5247(23)00002-2,"ERX5619327, ERX10074915, ERX10074916, ERX10074917",
Rv0678,Arg156Ter,Bedaquiline and Clofazimine,"Sonnenkalb L, 2023 ",R,2,3,,vitro,WGS,37003285,10.1016/S2666-5247(23)00002-2,"ERX5619327, ERX10074915, ERX10074916, ERX10074917",
atpE,Asp28Gly,Bedaquiline and Clofazimine,"Sonnenkalb L, 2023 ",R,≥10,1,,vitro,WGS,37003285,10.1016/S2666-5247(23)00002-2,"ERX5619327, ERX10074915, ERX10074916, ERX10074917",
atpE,Asp28Val,Bedaquiline and Clofazimine,"Sonnenkalb L, 2023 ",R,≥8,3,,vitro,WGS,37003285,10.1016/S2666-5247(23)00002-2,"ERX5619327, ERX10074915, ERX10074916, ERX10074917",
atpE,Glu61Asp,Bedaquiline and Clofazimine,"Sonnenkalb L, 2023 ",R,2 to ≥10,4,,vitro,WGS,37003285,10.1016/S2666-5247(23)00002-2,"ERX5619327, ERX10074915, ERX10074916, ERX10074917",
atpE,Glu61Asp,Bedaquiline and Clofazimine,"Sonnenkalb L, 2023 ",R,≥10,3,,vitro,WGS,37003285,10.1016/S2666-5247(23)00002-2,"ERX5619327, ERX10074915, ERX10074916, ERX10074917",
atpE,Ala63Pro,Bedaquiline and Clofazimine,"Sonnenkalb L, 2023 ",R,≥10,7,,vitro,WGS,37003285,10.1016/S2666-5247(23)00002-2,"ERX5619327, ERX10074915, ERX10074916, ERX10074917",
Rv0678,T323C,Bedaquiline ,"Yang J, 2020 ",S,0.5 (μg/mL,1,,clinical ,sanger ,32738481,10.1016/j.ijid.2020.07.044,NA,
Rv0678,C265T,Bedaquiline ,"Yang J, 2020 ",S,0.25,1,,clinical ,sanger ,32738481,10.1016/j.ijid.2020.07.044,NA,
Rv0678,Del of G 19,Bedaquiline ,"Yang J, 2020 ",S,0.25,1,,clinical ,sanger ,32738481,10.1016/j.ijid.2020.07.044,NA,
Rv0678,A263G,Bedaquiline ,"Yang J, 2020 ",S,0.25,1,,clinical ,sanger ,32738481,10.1016/j.ijid.2020.07.044,NA,
Rv0678,G5T,Bedaquiline ,"Yang J, 2020 ",S,0.25,1,,clinical ,sanger ,32738481,10.1016/j.ijid.2020.07.044,NA,
Rv0678,C185T,Bedaquiline ,"Yang J, 2020 ",S,0.12,1,,clinical ,sanger ,32738481,10.1016/j.ijid.2020.07.044,NA,
gyrA,G262T,"Bedaquiline, linezolid, clofazimine, delamanid","Zheng H, 2021",S,,2,,clinical ,sanger ,33832459,10.1186/s12879-021-06024-8,NA,
gyrA,G265A,"Bedaquiline, linezolid, clofazimine, delamanid","Zheng H, 2021",S,,2,,clinical ,sanger ,33832459,10.1186/s12879-021-06024-8,NA,
gyrA,C269T,"Bedaquiline, linezolid, clofazimine, delamanid","Zheng H, 2021",S,,14,,clinical ,sanger ,33832459,10.1186/s12879-021-06024-8,NA,
gyrA,T271C,"Bedaquiline, linezolid, clofazimine, delamanid","Zheng H, 2021",S,,2,,clinical ,sanger ,33832459,10.1186/s12879-021-06024-8,NA,
gyrA,G280T,"Bedaquiline, linezolid, clofazimine, delamanid","Zheng H, 2021",S,,22,,clinical ,sanger ,33832459,10.1186/s12879-021-06024-8,NA,
gyrA,G280A,"Bedaquiline, linezolid, clofazimine, delamanid","Zheng H, 2021",S,,8,,clinical ,sanger ,33832459,10.1186/s12879-021-06024-8,NA,
gyrA,A281C,"Bedaquiline, linezolid, clofazimine, delamanid","Zheng H, 2021",S,,11,,clinical ,sanger ,33832459,10.1186/s12879-021-06024-8,NA,
gyrA,A281G,"Bedaquiline, linezolid, clofazimine, delamanid","Zheng H, 2021",S,,22,,clinical ,sanger ,33832459,10.1186/s12879-021-06024-8,NA,
gyrA,G284C,"Bedaquiline, linezolid, clofazimine, delamanid","Zheng H, 2021",S,,78,,clinical ,sanger ,33832459,10.1186/s12879-021-06024-8,NA,
Rv0678,A152G,Bedaquiline,"Zheng H, 2021",R,,1,,clinical ,sanger ,33832459,10.1186/s12879-021-06024-8,NA,
Rv0678,A152G,Clofazimine,"Zheng H, 2021",R,,1,,clinical ,sanger ,33832459,10.1186/s12879-021-06024-8,NA,
Rv0678,T157C,Bedaquiline ,"Zheng H, 2021",R,,1,,clinical ,sanger ,33832459,10.1186/s12879-021-06024-8,NA,
Rv0678,T157C,Clofazimine,"Zheng H, 2021",R,,1,,clinical ,sanger ,33832459,10.1186/s12879-021-06024-8,NA,
rplC,T460C,Linezolid,"Zheng H, 2021",R,,2,,clinical ,sanger ,33832459,10.1186/s12879-021-06024-8,NA,
ddn,G241A,Delamanid,"Zheng H, 2021",R,,2,,clinical ,sanger ,33832459,10.1186/s12879-021-06024-8,NA,
fbiC,G952A,Delamanid,"Zheng H, 2021",R,,1,,clinical ,sanger ,33832459,10.1186/s12879-021-06024-8,NA,
Rv0678,Ala86Val,Bedaquiline,"Zheng H, 2021",R,0.5 (μg/ml),1,,clinical ,sanger ,34446095,10.1186/s13756-021-00995-8,NA,
Rv0678,Ile108Thr,Bedaquiline,"Zheng H, 2021",R,0.5 (μg/ml),1,,clinical ,sanger ,34446095,10.1186/s13756-021-00995-8,NA,
Rv0678,Arg109Pro,Bedaquiline,"Zheng H, 2021",R,0.25 (μg/ml),1,,clinical ,sanger ,34446095,10.1186/s13756-021-00995-8,NA,
Rv0678,Deletion A in codon 110,Bedaquiline,"Zheng H, 2021",R,0.5 (μg/ml),1,,clinical ,sanger ,34446095,10.1186/s13756-021-00995-8,NA,
rplC,Cys154Arg,Linezolid,"Zheng H, 2021",R,,12,,clinical ,sanger ,34446095,10.1186/s13756-021-00995-8,NA,
23S rRNA,G2270C,Linezolid,"Zheng H, 2021",R,,1,,clinical ,sanger ,34446095,10.1186/s13756-021-00995-8,NA,
23S rRNA,G2270T,Linezolid,"Zheng H, 2021",R,,3,,clinical ,sanger ,34446095,10.1186/s13756-021-00995-8,NA,
Rv0678,G188A,Bedaquiline ,"Wang G, 2021",R,,1,,clinical ,WGS,33556430,10.1016/j.jinf.2021.02.004,not available,
Rv0678,A292G,Bedaquiline ,"Wang G, 2021",R,,1,,clinical ,WGS,33556430,10.1016/j.jinf.2021.02.004,not available,
rplC,T460C,Linezolid,"Wang G, 2021",R,,1,,clinical ,WGS,33556430,10.1016/j.jinf.2021.02.004,not available,
Rv0678,G188A,Clofazimine,"Wang G, 2021",R,,1,,clinical ,WGS,33556430,10.1016/j.jinf.2021.02.004,not available,
Rv0678,A292G,Clofazimine,"Wang G, 2021",R,,1,,clinical ,WGS,33556430,10.1016/j.jinf.2021.02.004,not available,
Rv0678,T124G,Bedaquiline ,"Guo Q, 2022",R,,1,,clinical ,WGS ,35694543,10.3389/fcimb.2022.807095,PRJNA766993,
Rv0678,T78G,Bedaquiline ,"Guo Q, 2022",R,,1,,clinical ,WGS ,35694543,10.3389/fcimb.2022.807095,PRJNA766993,
Rv0678,T131C,Bedaquiline ,"Guo Q, 2022",R,,1,,clinical ,WGS ,35694543,10.3389/fcimb.2022.807095,PRJNA766993,
Rv0678,T425G,Bedaquiline ,"Guo Q, 2022",R,,8,,clinical ,WGS ,35694543,10.3389/fcimb.2022.807095,PRJNA766993,
Rv0678,G120T,Bedaquiline ,"Guo Q, 2022",R,,1,,clinical ,WGS ,35694543,10.3389/fcimb.2022.807095,PRJNA766993,
Rv0678,G308C,Bedaquiline ,"Guo Q, 2022",R,,1,,clinical ,WGS ,35694543,10.3389/fcimb.2022.807095,PRJNA766993,
Rv0678,C2147,Bedaquiline ,"Guo Q, 2022",R,,2,,clinical ,WGS ,35694543,10.3389/fcimb.2022.807095,PRJNA766993,
Rv0678,T254A,Bedaquiline ,"Guo Q, 2022",R,,1,,clinical ,WGS ,35694543,10.3389/fcimb.2022.807095,PRJNA766993,
Rv0678,T179C,Bedaquiline ,"Guo Q, 2022",R,,5,,clinical ,WGS ,35694543,10.3389/fcimb.2022.807095,PRJNA766993,
Rv0678,G71T,Bedaquiline ,"Guo Q, 2022",R,,1,,clinical ,WGS ,35694543,10.3389/fcimb.2022.807095,PRJNA766993,
Rv0678,T341C,Bedaquiline ,"Guo Q, 2022",R,,1,,clinical ,WGS ,35694543,10.3389/fcimb.2022.807095,PRJNA766993,
Rv0678,G184 deletion,Bedaquiline ,"Guo Q, 2022",R,,1,,clinical ,WGS ,35694543,10.3389/fcimb.2022.807095,PRJNA766993,
Rv0678,AT436_437 deletion,Bedaquiline ,"Guo Q, 2022",R,,3,,clinical ,WGS ,35694543,10.3389/fcimb.2022.807095,PRJNA766993,
Rv0678,G363 deletion,Bedaquiline ,"Guo Q, 2022",R,,1,,clinical ,WGS ,35694543,10.3389/fcimb.2022.807095,PRJNA766993,
Rv0678,TGTTGGCATATATGGAGAACGTCGTCTCCGACGCCCTGGGGCGATACAGCCAGCGAAC425_482 deletion,Bedaquiline ,"Guo Q, 2022",R,,1,,clinical ,WGS ,35694543,10.3389/fcimb.2022.807095,PRJNA766993,
Rv0678,A205 deletion,Bedaquiline ,"Guo Q, 2022",R,,1,,clinical ,WGS ,35694543,10.3389/fcimb.2022.807095,PRJNA766993,
Rv0678,AGCAGCGGGGGGATCAG187_203 deletion,Bedaquiline ,"Guo Q, 2022",R,,2,,clinical ,WGS ,35694543,10.3389/fcimb.2022.807095,PRJNA766993,
Rv0678,A209 deletion,Bedaquiline ,"Guo Q, 2022",R,,5,,clinical ,WGS ,35694543,10.3389/fcimb.2022.807095,PRJNA766993,
Rv0678,C471 deletion,Bedaquiline ,"Guo Q, 2022",R,,1,,clinical ,WGS ,35694543,10.3389/fcimb.2022.807095,PRJNA766993,
Rv0678,G216 deletion,Bedaquiline ,"Guo Q, 2022",R,,1,,clinical ,WGS ,35694543,10.3389/fcimb.2022.807095,PRJNA766993,
Rv0678,T451 deletion,Bedaquiline ,"Guo Q, 2022",R,,1,,clinical ,WGS ,35694543,10.3389/fcimb.2022.807095,PRJNA766993,
Rv0678,G198 deletion,Bedaquiline ,"Guo Q, 2022",R,,1,,clinical ,WGS ,35694543,10.3389/fcimb.2022.807095,PRJNA766993,
Rv0678,C349 deletion,Bedaquiline ,"Guo Q, 2022",R,,1,,clinical ,WGS ,35694543,10.3389/fcimb.2022.807095,PRJNA766993,
Rv0678,C158 deletion,Bedaquiline ,"Guo Q, 2022",R,,1,,clinical ,WGS ,35694543,10.3389/fcimb.2022.807095,PRJNA766993,
Rv0678,CTGTT424_428 deletion,Bedaquiline ,"Guo Q, 2022",R,,24,,clinical ,WGS ,35694543,10.3389/fcimb.2022.807095,PRJNA766993,
Rv0678,T95 deletion,Bedaquiline ,"Guo Q, 2022",R,,10,,clinical ,WGS ,35694543,10.3389/fcimb.2022.807095,PRJNA766993,
Rv0678,A415 deletion,Bedaquiline ,"Guo Q, 2022",R,,5,,clinical ,WGS ,35694543,10.3389/fcimb.2022.807095,PRJNA766993,
Rv0678,G19 deletion,Bedaquiline ,"Guo Q, 2022",R,,1,,clinical ,WGS ,35694543,10.3389/fcimb.2022.807095,PRJNA766993,
Rv0678,GGA51_53 deletion,Bedaquiline ,"Guo Q, 2022",R,,1,,clinical ,WGS ,35694543,10.3389/fcimb.2022.807095,PRJNA766993,
Rv0678,G439 insertion,Bedaquiline ,"Guo Q, 2022",R,,1,,clinical ,WGS ,35694543,10.3389/fcimb.2022.807095,PRJNA766993,
Rv0678,CG286_287 insertion,Bedaquiline ,"Guo Q, 2022",R,,24,,clinical ,WGS ,35694543,10.3389/fcimb.2022.807095,PRJNA766993,
Rv0678,G198 insertion,Bedaquiline ,"Guo Q, 2022",R,,10,,clinical ,WGS ,35694543,10.3389/fcimb.2022.807095,PRJNA766993,
Rv0678,GAC346_348 insertion,Bedaquiline ,"Guo Q, 2022",R,,5,,clinical ,WGS ,35694543,10.3389/fcimb.2022.807095,PRJNA766993,
Rv0678,G253 insertion,Bedaquiline ,"Guo Q, 2022",R,,1,,clinical ,WGS ,35694543,10.3389/fcimb.2022.807095,PRJNA766993,
Rv0678,G430 insertion,Bedaquiline ,"Guo Q, 2022",R,,1,,clinical ,WGS ,35694543,10.3389/fcimb.2022.807095,PRJNA766993,
Rv0678,A209 insertion,Bedaquiline ,"Guo Q, 2022",R,,1,,clinical ,WGS ,35694543,10.3389/fcimb.2022.807095,PRJNA766993,
Rv0678,A275 insertion,Bedaquiline ,"Guo Q, 2022",R,,1,,clinical ,WGS ,35694543,10.3389/fcimb.2022.807095,PRJNA766993,
Rv0678,TT279_280 insertion,Bedaquiline ,"Guo Q, 2022",R,,1,,clinical ,WGS ,35694543,10.3389/fcimb.2022.807095,PRJNA766993,
Rv0678,CC279_280 deletion ,Bedaquiline ,"Guo Q, 2022",R,,1,,clinical ,WGS ,35694543,10.3389/fcimb.2022.807095,PRJNA766993,
Rv0678,C214T,Bedaquiline ,"Guo Q, 2022",R,,1,,clinical ,sanger ,35694543,10.3389/fcimb.2022.807095,PRJNA766993,
Rv0678,C214T,Bedaquiline ,"Guo Q, 2022",R,,1,,clinical ,sanger ,35694543,10.3389/fcimb.2022.807095,PRJNA766993,
Rv0678,T179C,Bedaquiline ,"Guo Q, 2022",R,,3,,clinical ,sanger ,35694543,10.3389/fcimb.2022.807095,PRJNA766993,
Rv0678,T341C,Bedaquiline ,"Guo Q, 2022",R,,1,,clinical ,sanger ,35694543,10.3389/fcimb.2022.807095,PRJNA766993,
Rv0678,T341C,Bedaquiline ,"Guo Q, 2022",R,,1,,clinical ,sanger ,35694543,10.3389/fcimb.2022.807095,PRJNA766993,
Rv0678,T350C,Bedaquiline ,"Guo Q, 2022",R,,1,,clinical ,sanger ,35694543,10.3389/fcimb.2022.807095,PRJNA766993,
Rv0678,G194A,Bedaquiline ,"Guo Q, 2022",R,,1,,clinical ,sanger ,35694543,10.3389/fcimb.2022.807095,PRJNA766993,
Rv0678,G304A,Bedaquiline ,"Guo Q, 2022",R,,1,,clinical ,sanger ,35694543,10.3389/fcimb.2022.807095,PRJNA766993,
Rv0678,C15G,Bedaquiline ,"Guo Q, 2022",R,,1,,clinical ,sanger ,35694543,10.3389/fcimb.2022.807095,PRJNA766993,
Rv0678,G269C,Bedaquiline ,"Guo Q, 2022",R,,1,,clinical ,sanger ,35694543,10.3389/fcimb.2022.807095,PRJNA766993,
Rv0678,G404A,Bedaquiline ,"Guo Q, 2022",R,,1,,clinical ,sanger ,35694543,10.3389/fcimb.2022.807095,PRJNA766993,
Rv0678,G73A  ,Bedaquiline ,"Guo Q, 2022",R,,1,,clinical ,sanger ,35694543,10.3389/fcimb.2022.807095,PRJNA766993,
Rv0678,T365C,Bedaquiline ,"Guo Q, 2022",R,,2,,clinical ,sanger ,35694543,10.3389/fcimb.2022.807095,PRJNA766993,
Rv0678,A476C,Bedaquiline ,"Guo Q, 2022",R,,1,,clinical ,sanger ,35694543,10.3389/fcimb.2022.807095,PRJNA766993,
Rv0678,G448C,Bedaquiline ,"Guo Q, 2022",R,,1,,clinical ,sanger ,35694543,10.3389/fcimb.2022.807095,PRJNA766993,
Rv0678,C343T,Bedaquiline ,"Guo Q, 2022",R,,1,,clinical ,sanger ,35694543,10.3389/fcimb.2022.807095,PRJNA766993,
Rv0678,T461C,Bedaquiline ,"Guo Q, 2022",R,,1,,clinical ,sanger ,35694543,10.3389/fcimb.2022.807095,PRJNA766993,
Rv0678,T425G,Bedaquiline ,"Guo Q, 2022",R,,1,,clinical ,sanger ,35694543,10.3389/fcimb.2022.807095,PRJNA766993,
Rv0678,T425G,Bedaquiline ,"Guo Q, 2022",R,,1,,clinical ,sanger ,35694543,10.3389/fcimb.2022.807095,PRJNA766993,
Rv0678,T179G,Bedaquiline ,"Guo Q, 2022",R,,1,,clinical ,sanger ,35694543,10.3389/fcimb.2022.807095,PRJNA766993,
Rv0678,TGTTGGCATATATGGAGAACGTCGTCTCCGACGCCCTGGGGCGATACAGCCAGCGAAC425_482 deletion,Bedaquiline ,"Guo Q, 2022",R,,1,,clinical ,sanger ,35694543,10.3389/fcimb.2022.807095,PRJNA766993,
Rv0678,G198 deletion,Bedaquiline ,"Guo Q, 2022",R,,6,,clinical ,sanger ,35694543,10.3389/fcimb.2022.807095,PRJNA766993,
Rv0678,A53 deletion,Bedaquiline ,"Guo Q, 2022",R,,1,,clinical ,sanger ,35694543,10.3389/fcimb.2022.807095,PRJNA766993,
Rv0678,C349 deletion,Bedaquiline ,"Guo Q, 2022",R,,1,,clinical ,sanger ,35694543,10.3389/fcimb.2022.807095,PRJNA766993,
Rv0678,CG286_287 insertion,Bedaquiline ,"Guo Q, 2022",R,,20,,clinical ,sanger ,35694543,10.3389/fcimb.2022.807095,PRJNA766993,
Rv0678,CG286_287 insertion,Bedaquiline ,"Guo Q, 2022",R,,1,,clinical ,sanger ,35694543,10.3389/fcimb.2022.807095,PRJNA766993,
Rv0678,GAC346_348 insertion,Bedaquiline ,"Guo Q, 2022",R,,3,,clinical ,sanger ,35694543,10.3389/fcimb.2022.807095,PRJNA766993,
Rv0678,G253 insertion,Bedaquiline ,"Guo Q, 2022",R,,1,,clinical ,sanger ,35694543,10.3389/fcimb.2022.807095,PRJNA766993,
Rv0678,TCGATTGTTGGGC111_123 insertion,Bedaquiline ,"Guo Q, 2022",R,,1,,clinical ,sanger ,35694543,10.3389/fcimb.2022.807095,PRJNA766993,
Rv0678,G199 insertion,Bedaquiline ,"Guo Q, 2022",R,,3,,clinical ,sanger ,35694543,10.3389/fcimb.2022.807095,PRJNA766993,
Rv0678,G466 insertion,Bedaquiline ,"Guo Q, 2022",R,,1,,clinical ,sanger ,35694543,10.3389/fcimb.2022.807095,PRJNA766993,
Rv0678,G39 insertion,Bedaquiline ,"Guo Q, 2022",R,,1,,clinical ,sanger ,35694543,10.3389/fcimb.2022.807095,PRJNA766993,
glpK,G572 insertion,Bedaquiline ,"Guo Q, 2022",R,,25,,clinical ,sanger ,35694543,10.3389/fcimb.2022.807095,PRJNA766993,
glpK,G572 insertion ,Bedaquiline ,"Guo Q, 2022",R,,1,,clinical ,sanger ,35694543,10.3389/fcimb.2022.807095,PRJNA766993,
glpK,C814 deletion ,Bedaquiline ,"Guo Q, 2022",R,,1,,clinical ,sanger ,35694543,10.3389/fcimb.2022.807095,PRJNA766993,
glpK,C818 insertion ,Bedaquiline ,"Guo Q, 2022",R,,1,,clinical ,sanger ,35694543,10.3389/fcimb.2022.807095,PRJNA766993,
glpK,G572 insertion ,Bedaquiline ,"Guo Q, 2022",R,,1,,clinical ,sanger ,35694543,10.3389/fcimb.2022.807095,PRJNA766993,
glpK,G646A,Bedaquiline ,"Guo Q, 2022",R,,1,,clinical ,sanger ,35694543,10.3389/fcimb.2022.807095,PRJNA766993,
glpK,GG816_817 deletion ,Bedaquiline ,"Guo Q, 2022",R,,1,,clinical ,sanger ,35694543,10.3389/fcimb.2022.807095,PRJNA766993,
glpK,CC816_817 insertion ,Bedaquiline ,"Guo Q, 2022",R,,1,,clinical ,sanger ,35694543,10.3389/fcimb.2022.807095,PRJNA766993,
Rv1304 (atpB),His250Pro,Bedaquiline ,"Rivière E, 2022",S,0.015 (μg/mL),1,H37Rv,clinical ,WGS,35758754,10.1128/aac.00322-22,PRJEB50385,
Rv0678,Glu104*,Bedaquiline ,"Rivière E, 2022",S,0.06,1,H37Rv,clinical ,WGS,35758754,10.1128/aac.00322-22,PRJEB50385,
Rv0678,198delG,Bedaquiline ,"Rivière E, 2022",S,0.015,1,H37Rv,clinical ,WGS,35758754,10.1128/aac.00322-22,PRJEB50385,
Rv0678,214delC,Bedaquiline ,"Rivière E, 2022",S,0.03,1,H37Rv,clinical ,WGS,35758754,10.1128/aac.00322-22,PRJEB50385,
Rv0678,Glu138Gly,Bedaquiline ,"Rivière E, 2022",S,0.03,1,H37Rv,clinical ,WGS,35758754,10.1128/aac.00322-22,PRJEB50385,
Rv0678,Arg140Trp,Bedaquiline ,"Rivière E, 2022",S,≤0.008,1,H37Rv,clinical ,WGS,35758754,10.1128/aac.00322-22,PRJEB50385,
Rv2535c (pepQ),150_151dupCG,Bedaquiline ,"Rivière E, 2022",S,0.03 to 0.06,2,H37Rv,clinical ,WGS,35758754,10.1128/aac.00322-22,PRJEB50385,
Rv2535c (pepQ),Glu191Asp,Bedaquiline ,"Rivière E, 2022",S,≤0.008,2,H37Rv,clinical ,WGS,35758754,10.1128/aac.00322-22,PRJEB50385,
Rv2535c (pepQ),Gly116Val,Bedaquiline ,"Rivière E, 2022",NA,NA,1,H37Rv,clinical ,WGS,35758754,10.1128/aac.00322-22,PRJEB50385,
Rv2535c (pepQ),−118A>G,Bedaquiline ,"Rivière E, 2022",NA,NA,1,H37Rv,clinical ,WGS,35758754,10.1128/aac.00322-22,PRJEB50385,
Rv2535c (pepQ),Ala64Thr,Bedaquiline ,"Rivière E, 2022",S,0.03,1,H37Rv,clinical ,WGS,35758754,10.1128/aac.00322-22,PRJEB50385,
Rv2535c (pepQ),Ser66Pro,Bedaquiline ,"Rivière E, 2022",S,0.015,1,H37Rv,clinical ,WGS,35758754,10.1128/aac.00322-22,PRJEB50385,
Rv2535c (pepQ),Val298Ile,Bedaquiline ,"Rivière E, 2022",S,≤0.008,1,H37Rv,clinical ,WGS,35758754,10.1128/aac.00322-22,PRJEB50385,
Rv2535c (pepQ),Arg337Arg,Bedaquiline ,"Rivière E, 2022",S,≤0.008,1,H37Rv,clinical ,WGS,35758754,10.1128/aac.00322-22,PRJEB50385,
Rv1979c,−129G>A,Bedaquiline ,"Rivière E, 2022",S,0.015 to 0.06,4,H37Rv,clinical ,WGS,35758754,10.1128/aac.00322-22,PRJEB50385,
Rv1979c,Glu38Asp,Bedaquiline ,"Rivière E, 2022",S,≤0.008 to 0.12,14,H37Rv,clinical ,WGS,35758754,10.1128/aac.00322-22,PRJEB50385,
Rv1979c,Asp286Gly,Bedaquiline ,"Rivière E, 2022",S,≤0.008 to 0.12,21,H37Rv,clinical ,WGS,35758754,10.1128/aac.00322-22,PRJEB50385,
Rv1979c,Tyr51Asn,Bedaquiline ,"Rivière E, 2022",S,≤0.008 to 0.5,24,H37Rv,clinical ,WGS,35758754,10.1128/aac.00322-22,PRJEB50385,
Rv1979c,Arg409Gln,Bedaquiline ,"Rivière E, 2022",S,≤0.008 to 0.25,53,H37Rv,clinical ,WGS,35758754,10.1128/aac.00322-22,PRJEB50385,
Rv1979c,Ala406Thr,Bedaquiline ,"Rivière E, 2022",S,0.03,1,H37Rv,clinical ,WGS,35758754,10.1128/aac.00322-22,PRJEB50385,
Rv1979c,−147G>A,Bedaquiline ,"Rivière E, 2022",NA,NA,1,H37Rv,clinical ,WGS,35758754,10.1128/aac.00322-22,PRJEB50385,
Rv1979c,Leu174Phe,Bedaquiline ,"Rivière E, 2022",S,≤0.008,1,H37Rv,clinical ,WGS,35758754,10.1128/aac.00322-22,PRJEB50385,
Rv1979c,Ile394Thr,Bedaquiline ,"Rivière E, 2022",S,≤0.008,1,H37Rv,clinical ,WGS,35758754,10.1128/aac.00322-22,PRJEB50385,
Rv0676c (mmpL5),Gln58*,Bedaquiline ,"Rivière E, 2022",S,≤0.008,2,H37Rv,clinical ,WGS,35758754,10.1128/aac.00322-22,PRJEB50385,
Rv0676c (mmpL5),Trp598Arg,Bedaquiline ,"Rivière E, 2022",S,≤0.008 to 0.03,3,H37Rv,clinical ,WGS,35758754,10.1128/aac.00322-22,PRJEB50385,
Rv0676c (mmpL5),Val247Ala,Bedaquiline ,"Rivière E, 2022",NA,NA,3,H37Rv,clinical ,WGS,35758754,10.1128/aac.00322-22,PRJEB50385,
Rv0676c (mmpL5),Val948Ile,Bedaquiline ,"Rivière E, 2022",S,0.015 to 0.06,5,H37Rv,clinical ,WGS,35758754,10.1128/aac.00322-22,PRJEB50385,
Rv0676c (mmpL5),Pro355Pro,Bedaquiline ,"Rivière E, 2022",S,≤0.008 to 0.12,24,H37Rv,clinical ,WGS,35758754,10.1128/aac.00322-22,PRJEB50385,
Rv0676c (mmpL5),Asp767Asn,Bedaquiline ,"Rivière E, 2022",S,≤0.008 to 0.5,183,H37Rv,clinical ,WGS,35758754,10.1128/aac.00322-22,PRJEB50385,
Rv0676c (mmpL5),Ile794Thr,Bedaquiline ,"Rivière E, 2022",S,≤0.008 to 0.5,245,H37Rv,clinical ,WGS,35758754,10.1128/aac.00322-22,PRJEB50385,
Rv0676c (mmpL5),Val387Val,Bedaquiline ,"Rivière E, 2022",S,≤0.008,1,H37Rv,clinical ,WGS,35758754,10.1128/aac.00322-22,PRJEB50385,
Rv0676c (mmpL5),Pro595Ser,Bedaquiline ,"Rivière E, 2022",S,0.015,1,H37Rv,clinical ,WGS,35758754,10.1128/aac.00322-22,PRJEB50385,
Rv0676c (mmpL5),Thr495Ile,Bedaquiline ,"Rivière E, 2022",S,≤0.008,1,H37Rv,clinical ,WGS,35758754,10.1128/aac.00322-22,PRJEB50385,
Rv0676c (mmpL5),Val887Val,Bedaquiline ,"Rivière E, 2022",S,0.015,1,H37Rv,clinical ,WGS,35758754,10.1128/aac.00322-22,PRJEB50385,
Rv0677c (mmpS5),Asn102Asn,Bedaquiline ,"Rivière E, 2022",S,≤0.008,1,H37Rv,clinical ,WGS,35758754,10.1128/aac.00322-22,PRJEB50385,
Rv0676c,c.2299G>A,Bedaquiline ,"Rivière E, 2022",S,0.5 (μg/mL),(low frequency variant),H37Rv,clinical ,WGS,35758754,10.1128/aac.00322-22,PRJEB50385,
Rv1979c,c.151T>A,Bedaquiline ,"Rivière E, 2022",R ,0.5,(low frequency variant),H37Rv,clinical ,WGS,35758754,10.1128/aac.00322-22,PRJEB50385,
Rv2535c,c.306C>G,Bedaquiline ,"Rivière E, 2022",R ,0.5,(low frequency variant),H37Rv,clinical ,WGS,35758754,10.1128/aac.00322-22,PRJEB50385,
Rv0676c,c.2381T>C,Bedaquiline ,"Rivière E, 2022",R ,0.5,(low frequency variant),H37Rv,clinical ,WGS,35758754,10.1128/aac.00322-22,PRJEB50385,
Rv0678,c.38delA,Bedaquiline ,"Rivière E, 2022",R ,0.25,(low frequency variant),H37Rv,clinical ,WGS,35758754,10.1128/aac.00322-22,PRJEB50385,
Rv0678,c.198dupG,Bedaquiline ,"Rivière E, 2022",R ,0.25,(low frequency variant),H37Rv,clinical ,WGS,35758754,10.1128/aac.00322-22,PRJEB50385,
Rv0678,c.198delG,Bedaquiline ,"Rivière E, 2022",R ,0.25,(low frequency variant),H37Rv,clinical ,WGS,35758754,10.1128/aac.00322-22,PRJEB50385,
Rv0678,c.226C>A,Bedaquiline ,"Rivière E, 2022",R ,0.25,(low frequency variant),H37Rv,clinical ,WGS,35758754,10.1128/aac.00322-22,PRJEB50385,
Rv0678,c.275dupA,Bedaquiline ,"Rivière E, 2022",R ,0.25,(low frequency variant),H37Rv,clinical ,WGS,35758754,10.1128/aac.00322-22,PRJEB50385,
Rv0678,c.466dupC,Bedaquiline ,"Rivière E, 2022",R ,0.25,(low frequency variant),H37Rv,clinical ,WGS,35758754,10.1128/aac.00322-22,PRJEB50385,
Rv1979c,c.1226G>A,Bedaquiline ,"Rivière E, 2022",R ,0.25,(low frequency variant),H37Rv,clinical ,WGS,35758754,10.1128/aac.00322-22,PRJEB50385,
Rv0676c,c.2381T>C,Bedaquiline ,"Rivière E, 2022",R ,0.25,(low frequency variant),H37Rv,clinical ,WGS,35758754,10.1128/aac.00322-22,PRJEB50385,
Rv0678,G138 insertion ,Clofazimine,"Park S, 2022",R ,,1,H37Rv_GenBank ,clinical ,sanger ,35407536,10.3390/jcm11071927,NA,
Rv0678,G149A ,Clofazimine,"Park S, 2022",R ,,2,H37Rv_GenBank ,clinical ,sanger ,35407536,10.3390/jcm11071927,NA,
pepQ,G4115T,Clofazimine,"Park S, 2022",R ,,1,H37Rv_GenBank ,clinical ,sanger ,35407536,10.3390/jcm11071927,NA,
pepQ,G1010T,Clofazimine,"Park S, 2022",R ,,1,H37Rv_GenBank ,clinical ,sanger ,35407536,10.3390/jcm11071927,NA,
Rv0678,R82G,Bedaquiline,"Kobayashi M, 2022",R,1 (μg/ml),1,,clinical ,WGS,35550867,10.1016/j.jiac.2022.04.028,not available,
Rv0678,P129fs deletion,Bedaquiline,"Le Ray LF, 2022",R,2 mg/L,1,,clinical ,WGS,35447056,10.3201/eid2805.212517,PRJNA768393,
Rv0678,G66fs deletion,Bedaquiline,"Le Ray LF, 2022",R,2 mg/L,1,,clinical ,WGS,35447056,10.3201/eid2805.212517,PRJNA768393,
Rv0678,P129fs deletion,Clofazimine,"Le Ray LF, 2022",S,1 mg/L,1,,clinical ,WGS,35447056,10.3201/eid2805.212517,PRJNA768393,
Rv0678,G66fs deletion,Clofazimine,"Le Ray LF, 2022",S,1 mg/L,1,,clinical ,WGS,35447056,10.3201/eid2805.212517,PRJNA768393,
atpE,I66M substitution ,Bedaquiline,"Le Ray LF, 2022",R,4 mg/L,1,,clinical ,WGS,35447056,10.3201/eid2805.212517,PRJNA768393,
Rv0678, N98fs deletion,Bedaquiline,"Le Ray LF, 2022",S,0.5 mg/L,1,,clinical ,WGS,35447056,10.3201/eid2805.212517,PRJNA768393,
Rv0678, N98fs deletion,Clofazimine,"Le Ray LF, 2022",R,2 mg/L,1,,clinical ,WGS,35447056,10.3201/eid2805.212517,PRJNA768393,
mmpR,R82Q,Bedaquiline,"Peretokina IV, 2020",S,0.03 (mg/L),1,H37Rv,clinical ,sanger ,31981638,10.1016/j.jinf.2020.01.007,NA,
mmpR,V85G,Bedaquiline,"Peretokina IV, 2020",S,0.03,1,H37Rv,clinical ,sanger ,31981638,10.1016/j.jinf.2020.01.007,NA,
mmpR,I75I,Bedaquiline,"Peretokina IV, 2020",S,0.03,1,H37Rv,clinical ,sanger ,31981638,10.1016/j.jinf.2020.01.007,NA,
mmpR,tg29t,Bedaquiline,"Peretokina IV, 2020",S,0.06,1,H37Rv,clinical ,sanger ,31981638,10.1016/j.jinf.2020.01.007,NA,
mmpR,t248c,Bedaquiline,"Peretokina IV, 2020",S,0.12,1,H37Rv,clinical ,sanger ,31981638,10.1016/j.jinf.2020.01.007,NA,
mmpR,t141tct,Bedaquiline,"Peretokina IV, 2020",S,0.12,1,H37Rv,clinical ,sanger ,31981638,10.1016/j.jinf.2020.01.007,NA,
mmpR,c192cg,Bedaquiline,"Peretokina IV, 2020",S,0.12,1,H37Rv,clinical ,sanger ,31981638,10.1016/j.jinf.2020.01.007,NA,
mmpR,cg15c,Bedaquiline,"Peretokina IV, 2020",S,0.12,1,H37Rv,clinical ,sanger ,31981638,10.1016/j.jinf.2020.01.007,NA,
mmpR,t425g,Bedaquiline,"Peretokina IV, 2020",S,0.25,1,H37Rv,clinical ,sanger ,31981638,10.1016/j.jinf.2020.01.007,NA,
mmpR,t119c,Bedaquiline,"Peretokina IV, 2020",S,0.25,1,H37Rv,clinical ,sanger ,31981638,10.1016/j.jinf.2020.01.007,NA,
mmpR,a172c,Bedaquiline,"Peretokina IV, 2020",S,0.25,1,H37Rv,clinical ,sanger ,31981638,10.1016/j.jinf.2020.01.007,NA,
mmpR,c192cg,Bedaquiline,"Peretokina IV, 2020",S,0.25,1,H37Rv,clinical ,sanger ,31981638,10.1016/j.jinf.2020.01.007,NA,
Rv0678,p.Asp47fs,Bedaquiline,"Bainomugisa A, 2022",R,,1,,clinical ,WGS,35524232,10.1186/s12879-022-07414-2,PRJNA757443,
ndh,p.Glu102fs,Clofazimine,"Bainomugisa A, 2022",R,,1,,clinical ,WGS,35524232,10.1186/s12879-022-07414-2,PRJNA757443,
Rv1979c,1014A del,Clofazimine,"Kardan-Yamchi J, 2020",R,2 (µg/mL),1,H37Rv (NC-000962.3),clinical ,WGS,32046149,10.3390/jcm9020465,PRJNA566379,
Rv0678,Gly87Arg,Clofazimine,"Kardan-Yamchi J, 2020",S,1 (µg/mL),1,H37Rv (NC-000962.3),clinical ,WGS,32046149,10.3390/jcm9020465,PRJNA566379,
Rv1979c,Asn297Ser,Clofazimine,"Kardan-Yamchi J, 2020",S,1 (µg/mL),1,H37Rv (NC-000962.3),clinical ,WGS,32046149,10.3390/jcm9020465,PRJNA566379,
pepQ,Ala87Gly,Clofazimine,"Kardan-Yamchi J, 2020",S,1 (µg/mL),1,H37Rv (NC-000962.3),clinical ,WGS,32046149,10.3390/jcm9020465,PRJNA566379,
rrl,C1537T,Linezolid,"Kardan-Yamchi J, 2020",S,0.25 (µg/mL),1,H37Rv (NC-000962.3),clinical ,WGS,32046149,10.3390/jcm9020465,PRJNA566379,
rrl,C1331T,Linezolid,"Kardan-Yamchi J, 2020",S,0.12 (µg/mL),1,H37Rv (NC-000962.3),clinical ,WGS,32046149,10.3390/jcm9020465,PRJNA566379,
rplC,Ala72Thr,Linezolid,"Kardan-Yamchi J, 2020",S,0.5 (µg/mL),2,H37Rv (NC-000962.3),clinical ,WGS,32046149,10.3390/jcm9020465,PRJNA566379,
Rv0678,−11 C>A,Bedaquiline ,"Martinez E, 2018",S,0.016  (mg/L),1,H37Rv,vitro,"short sequence illumina, not WGS",30029911,10.1016/j.tube.2018.04.007,NA,
Rv0678,D5G,Bedaquiline ,"Martinez E, 2018",S,0.016,1,H37Rv,vitro,"short sequence illumina, not WGS",30029911,10.1016/j.tube.2018.04.007,NA,
Rv0678,M23V,Bedaquiline ,"Martinez E, 2018",S,0.063,1,H37Rv,vitro,"short sequence illumina, not WGS",30029911,10.1016/j.tube.2018.04.007,NA,
Rv0678,D47fs,Bedaquiline ,"Martinez E, 2018",S,0.5,1,H37Rv,vitro,"short sequence illumina, not WGS",30029911,10.1016/j.tube.2018.04.007,NA,
Rv0678,E55D,Bedaquiline ,"Martinez E, 2018",S,0.063,1,H37Rv,vitro,"short sequence illumina, not WGS",30029911,10.1016/j.tube.2018.04.007,NA,
Rv0678,G87R,Bedaquiline ,"Martinez E, 2018",S,0.063,1,H37Rv,vitro,"short sequence illumina, not WGS",30029911,10.1016/j.tube.2018.04.007,NA,
Rv0678,R96Q,Bedaquiline ,"Martinez E, 2018",S,0.25,1,H37Rv,vitro,"short sequence illumina, not WGS",30029911,10.1016/j.tube.2018.04.007,NA,
Rv0678,L117R,Bedaquiline ,"Martinez E, 2018",S,0.016,1,H37Rv,vitro,"short sequence illumina, not WGS",30029911,10.1016/j.tube.2018.04.007,NA,
atpE,−53 G>A,Bedaquiline ,"Martinez E, 2018",S,0.125,1,H37Rv,vitro,"short sequence illumina, not WGS",30029911,10.1016/j.tube.2018.04.007,NA,
atpE,−72 T>C,Bedaquiline ,"Martinez E, 2018",S,8,1,H37Rv,vitro,"short sequence illumina, not WGS",30029911,10.1016/j.tube.2018.04.007,NA,
atpE,−138 T>C,Bedaquiline ,"Martinez E, 2018",S,0.031,1,H37Rv,vitro,"short sequence illumina, not WGS",30029911,10.1016/j.tube.2018.04.007,NA,
atpE,−138 T>C,Bedaquiline ,"Martinez E, 2018",S,0.031,1,H37Rv,vitro,"short sequence illumina, not WGS",30029911,10.1016/j.tube.2018.04.007,NA,
atpE,−138 T>C,Bedaquiline ,"Martinez E, 2018",S,0.031,1,H37Rv,vitro,"short sequence illumina, not WGS",30029911,10.1016/j.tube.2018.04.007,NA,
atpE,183 G>A,Bedaquiline ,"Martinez E, 2018",S,0.063,1,H37Rv,vitro,"short sequence illumina, not WGS",30029911,10.1016/j.tube.2018.04.007,NA,
atpE,I66V,Bedaquiline ,"Martinez E, 2018",S,0.125,1,H37Rv,vitro,"short sequence illumina, not WGS",30029911,10.1016/j.tube.2018.04.007,NA,
Rv0678,16_del_g,Bedaquiline ,"Chesov E, 2022",R,2 (mg·mL−1),1,H37Rv reference genome (GenBank ID: NC_000962.3),clinical ,WGS,34503982,10.1183/13993003.00621-2021,ERR4872319,
Rv0678,193_del_g,Bedaquiline ,"Chesov E, 2022",R,2 (mg·mL−1),1,H37Rv reference genome (GenBank ID: NC_000962.3),clinical ,WGS,34503982,10.1183/13993003.00621-2021,ERR4872319,
Rv0678,G24D,Bedaquiline ,"Chesov E, 2022",R,2 (mg·mL−1),1,H37Rv reference genome (GenBank ID: NC_000962.3),clinical ,WGS,34503982,10.1183/13993003.00621-2021,ERR4872319,
Rv0678,16_del_g,Clofazimine,"Chesov E, 2022",S,1 (mg·mL−1),1,H37Rv reference genome (GenBank ID: NC_000962.3),clinical ,WGS,34503982,10.1183/13993003.00621-2021,ERR4872319,
Rv0678,193_del_g,Clofazimine,"Chesov E, 2022",S,1 (mg·mL−1),1,H37Rv reference genome (GenBank ID: NC_000962.3),clinical ,WGS,34503982,10.1183/13993003.00621-2021,ERR4872319,
Rv0678,G24D,Clofazimine,"Chesov E, 2022",S,1 (mg·mL−1),1,H37Rv reference genome (GenBank ID: NC_000962.3),clinical ,WGS,34503982,10.1183/13993003.00621-2021,ERR4872319,
Rv0678,192insG,Bedaquiline ,"Chesov E, 2022",R,,1,H37Rv reference genome (GenBank ID: NC_000962.3),clinical ,WGS,34503982,10.1183/13993003.00621-2021,ERR4872337,
Rv0678,192insG,Clofazimine,"Chesov E, 2022",R,,1,H37Rv reference genome (GenBank ID: NC_000962.3),clinical ,WGS,34503982,10.1183/13993003.00621-2021,ERR4872337,
Rv0678,T58P,Bedaquiline ,"Chesov E, 2022",R,,1,H37Rv reference genome (GenBank ID: NC_000962.3),clinical ,WGS,34503982,10.1183/13993003.00621-2021,ERR4872269,
Rv0678,T58P,Clofazimine,"Chesov E, 2022",S,,1,H37Rv reference genome (GenBank ID: NC_000962.3),clinical ,WGS,34503982,10.1183/13993003.00621-2021,ERR4872269,
Rv0678,193_del_g,Bedaquiline ,"Chesov E, 2022",R,,1,H37Rv reference genome (GenBank ID: NC_000962.3),clinical ,WGS,34503982,10.1183/13993003.00621-2021,ERR4872312,
Rv0678,193_del_g,Clofazimine,"Chesov E, 2022",S,,1,H37Rv reference genome (GenBank ID: NC_000962.3),clinical ,WGS,34503982,10.1183/13993003.00621-2021,ERR4872312,
Rv0678,S63G,Bedaquiline ,"Chesov E, 2022",R,,1,H37Rv reference genome (GenBank ID: NC_000962.3),clinical ,WGS,34503982,10.1183/13993003.00621-2021,ERR4872312,
Rv0678,S63G,Clofazimine,"Chesov E, 2022",S,,1,H37Rv reference genome (GenBank ID: NC_000962.3),clinical ,WGS,34503982,10.1183/13993003.00621-2021,ERR4872312,
Rv0678,192_ins_g,Bedaquiline ,"Chesov E, 2022",S,,1,H37Rv reference genome (GenBank ID: NC_000962.3),clinical ,WGS,34503982,10.1183/13993003.00621-2021,ERR4872344 ,
Rv0678,192_ins_g,Clofazimine,"Chesov E, 2022",S,,1,H37Rv reference genome (GenBank ID: NC_000962.3),clinical ,WGS,34503982,10.1183/13993003.00621-2021,ERR4872344 ,
Rv0678,193_del_g,Bedaquiline ,"Chesov E, 2022",S,,1,H37Rv reference genome (GenBank ID: NC_000962.3),clinical ,WGS,34503982,10.1183/13993003.00621-2021,ERR4872344 ,
Rv0678,193_del_g,Clofazimine,"Chesov E, 2022",S,,1,H37Rv reference genome (GenBank ID: NC_000962.3),clinical ,WGS,34503982,10.1183/13993003.00621-2021,ERR4872344 ,
Rv0678,192ins_g,Bedaquiline ,"Chesov E, 2022",R,,1,H37Rv reference genome (GenBank ID: NC_000962.3),clinical ,WGS,34503982,10.1183/13993003.00621-2021,ERR4872296,
Rv0678,192ins_g,Clofazimine,"Chesov E, 2022",R,,1,H37Rv reference genome (GenBank ID: NC_000962.3),clinical ,WGS,34503982,10.1183/13993003.00621-2021,ERR4872296,
Rv0678,L142P,Bedaquiline ,"Chesov E, 2022",R,,1,H37Rv reference genome (GenBank ID: NC_000962.3),clinical ,WGS,34503982,10.1183/13993003.00621-2021,ERR4872296,
Rv0678,L142P,Clofazimine,"Chesov E, 2022",R,,1,H37Rv reference genome (GenBank ID: NC_000962.3),clinical ,WGS,34503982,10.1183/13993003.00621-2021,ERR4872296,
Rv0678,136_ins_g,Bedaquiline ,"Chesov E, 2022",R,,1,H37Rv reference genome (GenBank ID: NC_000962.3),clinical ,WGS,34503982,10.1183/13993003.00621-2021,ERR4872271 ,
Rv0678,136_ins_g,Clofazimine,"Chesov E, 2022",R,,1,H37Rv reference genome (GenBank ID: NC_000962.3),clinical ,WGS,34503982,10.1183/13993003.00621-2021,ERR4872271 ,
Rv0678,141_ins_c,Bedaquiline ,"Chesov E, 2022",R,,1,H37Rv reference genome (GenBank ID: NC_000962.3),clinical ,WGS,34503982,10.1183/13993003.00621-2021,ERR4872271 ,
Rv0678,141_ins_c,Clofazimine,"Chesov E, 2022",R,,1,H37Rv reference genome (GenBank ID: NC_000962.3),clinical ,WGS,34503982,10.1183/13993003.00621-2021,ERR4872271 ,
Rv0678,195_ins_t,Bedaquiline ,"Chesov E, 2022",R,,1,H37Rv reference genome (GenBank ID: NC_000962.3),clinical ,WGS,34503982,10.1183/13993003.00621-2021,ERR4872271 ,
Rv0678,195_ins_t,Clofazimine,"Chesov E, 2022",R,,1,H37Rv reference genome (GenBank ID: NC_000962.3),clinical ,WGS,34503982,10.1183/13993003.00621-2021,ERR4872271 ,
Rv0678,G66W,Bedaquiline ,"Chesov E, 2022",R,,1,H37Rv reference genome (GenBank ID: NC_000962.3),clinical ,WGS,34503982,10.1183/13993003.00621-2021,ERR4872271 ,
Rv0678,G66W,Clofazimine,"Chesov E, 2022",R,,1,H37Rv reference genome (GenBank ID: NC_000962.3),clinical ,WGS,34503982,10.1183/13993003.00621-2021,ERR4872271 ,
Rv0678,436_ins_t,Bedaquiline ,"Chesov E, 2022",R,,1,H37Rv reference genome (GenBank ID: NC_000962.3),clinical ,WGS,34503982,10.1183/13993003.00621-2021,ERR4872299 ,
Rv0678,436_ins_t,Clofazimine,"Chesov E, 2022",R,,1,H37Rv reference genome (GenBank ID: NC_000962.3),clinical ,WGS,34503982,10.1183/13993003.00621-2021,ERR4872299 ,
Rv0678,R72W,Bedaquiline ,"Chesov E, 2022",R,,1,H37Rv reference genome (GenBank ID: NC_000962.3),clinical ,WGS,34503982,10.1183/13993003.00621-2021,ERR4872299 ,
Rv0678,R72W,Clofazimine,"Chesov E, 2022",R,,1,H37Rv reference genome (GenBank ID: NC_000962.3),clinical ,WGS,34503982,10.1183/13993003.00621-2021,ERR4872299 ,
atpE,I66M ,Bedaquiline ,"Chesov E, 2022",R,,1,H37Rv reference genome (GenBank ID: NC_000962.3),clinical ,WGS,34503982,10.1183/13993003.00621-2021,ERR4872293 ,
atpE,I66M ,Clofazimine,"Chesov E, 2022",S,,1,H37Rv reference genome (GenBank ID: NC_000962.3),clinical ,WGS,34503982,10.1183/13993003.00621-2021,ERR4872293 ,
atpE,A63P,Bedaquiline ,"Chesov E, 2022",R,,1,H37Rv reference genome (GenBank ID: NC_000962.3),clinical ,WGS,34503982,10.1183/13993003.00621-2021,ERR4872337,
atpE,A63P,Clofazimine,"Chesov E, 2022",R,,1,H37Rv reference genome (GenBank ID: NC_000962.3),clinical ,WGS,34503982,10.1183/13993003.00621-2021,ERR4872337,
atpE,E61D,Bedaquiline ,"Chesov E, 2022",R,,1,H37Rv reference genome (GenBank ID: NC_000962.3),clinical ,WGS,34503982,10.1183/13993003.00621-2021,ERR4872337,
atpE,E61D,Clofazimine,"Chesov E, 2022",S,,1,H37Rv reference genome (GenBank ID: NC_000962.3),clinical ,WGS,34503982,10.1183/13993003.00621-2021,ERR4872337,
atpE,I66M,Bedaquiline ,"Chesov E, 2022",R,,1,H37Rv reference genome (GenBank ID: NC_000962.3),clinical ,WGS,34503982,10.1183/13993003.00621-2021,ERR4872337,
atpE,I66M,Clofazimine,"Chesov E, 2022",S,,1,H37Rv reference genome (GenBank ID: NC_000962.3),clinical ,WGS,34503982,10.1183/13993003.00621-2021,ERR4872337,
Rv0678 ,192 C insertion ,Bedaquiline ,"de Vos M, 2019",R,,1,,clinical ,WGS,31141643,10.1056/NEJMc1815121,PRJEB32109,
Rv0678 ,138 GA insertion,Bedaquiline ,"de Vos M, 2019",R,,1,,clinical ,WGS,31141643,10.1056/NEJMc1815121,PRJEB32109,
Rv0678 ,138 G insertion ,Bedaquiline ,"de Vos M, 2019",R,,1,,clinical ,WGS,31141643,10.1056/NEJMc1815121,PRJEB32109,
atpE,A18A,Bedaquiline ,"Saeed DK, 2022",R,0.5  (µg/ml),1,,clinical ,WGS,35209842,10.1186/s12866-022-02475-4,PRJNA717333,
Rv0678,R107C,Bedaquiline ,"Saeed DK, 2022",R,0.5  (µg/ml),1,,clinical ,WGS,35209842,10.1186/s12866-022-02475-4,PRJNA717333,
Rv0678,RAMAELQDLADVGLRALGDAPPQRSRRLREMRDLLAYMENVVSDALGRYSQRTGEDD109RGNGRTAGPGfs,Bedaquiline ,"Saeed DK, 2022",R,0.5  (µg/ml),1,,clinical ,WGS,35209842,10.1186/s12866-022-02475-4,PRJNA717333,
Rv0678,SGGISTNARMLIQFGFIERLAVAGDRRTYFRLRPNAFAAGERERIRAMAELQDLADVGLRALGDAPPQRSRRLREMRDLLAYMENVVSDALGRYSQRTGEDD64SGGSAPMPGCfs,Bedaquiline ,"Saeed DK, 2022",R,0.5  (µg/ml),1,,clinical ,WGS,35209842,10.1186/s12866-022-02475-4,PRJNA717333,
Rv0678,L40F,Bedaquiline ,"Saeed DK, 2022",R,0.5  (µg/ml),1,,clinical ,WGS,35209842,10.1186/s12866-022-02475-4,PRJNA717333,
Rv0678,G25VCRVfs,Bedaquiline ,"Saeed DK, 2022",R,0.5  (µg/ml),1,,clinical ,WGS,35209842,10.1186/s12866-022-02475-4,PRJNA717333,
Rv0678,R50Q,Bedaquiline ,"Saeed DK, 2022",R,0.5  (µg/ml),1,,clinical ,WGS,35209842,10.1186/s12866-022-02475-4,PRJNA717333,
Rv0678,S63R,Bedaquiline ,"Saeed DK, 2022",S,0.25  (µg/ml),1,,clinical ,WGS,35209842,10.1186/s12866-022-02475-4,PRJNA717333,
Rv0678,S63G,Bedaquiline ,"Saeed DK, 2022",S,0.25  (µg/ml),1,,clinical ,WGS,35209842,10.1186/s12866-022-02475-4,PRJNA717333,
pepQ,R7Q,Bedaquiline ,"Saeed DK, 2022",S,0.06  (µg/ml),1,,clinical ,WGS,35209842,10.1186/s12866-022-02475-4,PRJNA717333,
Rv1979c,F144,Bedaquiline ,"Saeed DK, 2022",S,0.25  (µg/ml),1,,clinical ,WGS,35209842,10.1186/s12866-022-02475-4,PRJNA717333,
mmpL5,I948V ,Bedaquiline ,"Saeed DK, 2022",R,0.5  (µg/ml),8,,clinical ,WGS,35209842,10.1186/s12866-022-02475-4,PRJNA717333,
mmpL5,I948V ,Bedaquiline ,"Saeed DK, 2022",R,0.25  (µg/ml),2,,clinical ,WGS,35209842,10.1186/s12866-022-02475-4,PRJNA717333,
mmpL5,T794I,Bedaquiline ,"Saeed DK, 2022",R,0.5  (µg/ml),8,,clinical ,WGS,35209842,10.1186/s12866-022-02475-4,PRJNA717333,
mmpL5,I948V ,Bedaquiline ,"Saeed DK, 2022",S,0.12 (µg/ml),3,,clinical ,WGS,35209842,10.1186/s12866-022-02475-4,PRJNA717333,
mmpL5,T794I,Bedaquiline ,"Saeed DK, 2022",S,0.12 (µg/ml),3,,clinical ,WGS,35209842,10.1186/s12866-022-02475-4,PRJNA717333,
mmpL5,I948V ,Bedaquiline ,"Saeed DK, 2022",S,0.06 (µg/ml),1,,clinical ,WGS,35209842,10.1186/s12866-022-02475-4,PRJNA717333,
mmpL5,T794I,Bedaquiline ,"Saeed DK, 2022",S,0.06(µg/ml),1,,clinical ,WGS,35209842,10.1186/s12866-022-02475-4,PRJNA717333,
mmpL5,D767N,Bedaquiline ,"Saeed DK, 2022",S,0.03 (µg/ml),1,,clinical ,WGS,35209842,10.1186/s12866-022-02475-4,PRJNA717333,
mmpL5,A61A,Bedaquiline ,"Saeed DK, 2022",S,0.03 (µg/ml),1,,clinical ,WGS,35209842,10.1186/s12866-022-02475-4,PRJNA717333,
mmpL5,L221L,Bedaquiline ,"Saeed DK, 2022",S,,1,,clinical ,WGS,35209842,10.1186/s12866-022-02475-4,PRJNA717333,
atpE,9187c,Bedaquiline ,"Degiacomi G, 2020",R,8 (ug/ml),1,,vitro,WGS,33042066,10.3389/fmicb.2020.559469,not available,
atpE,9187c,Bedaquiline ,"Degiacomi G, 2020",R,4,1,,vitro,WGS,33042066,10.3389/fmicb.2020.559469,not available,
atpE,9187c,Bedaquiline ,"Degiacomi G, 2020",R,4,1,,vitro,WGS,33042066,10.3389/fmicb.2020.559469,not available,
atpE,9187c,Bedaquiline ,"Degiacomi G, 2020",R,4,1,,vitro,WGS,33042066,10.3389/fmicb.2020.559469,not available,
atpE,9187c,Bedaquiline ,"Degiacomi G, 2020",R,4,1,,vitro,WGS,33042066,10.3389/fmicb.2020.559469,not available,
atpE,a83c,Bedaquiline ,"Degiacomi G, 2020",R,2,1,,vitro,WGS,33042066,10.3389/fmicb.2020.559469,not available,
atpE,a83g,Bedaquiline ,"Degiacomi G, 2020",R,0.5,1,,vitro,WGS,33042066,10.3389/fmicb.2020.559469,not available,
Rv0678,c400t,Bedaquiline ,"Degiacomi G, 2020",R,0.5,1,,vitro,WGS,33042066,10.3389/fmicb.2020.559469,not available,
Rv0678,9120c,Bedaquiline ,"Degiacomi G, 2020",R,0.5,1,,vitro,WGS,33042066,10.3389/fmicb.2020.559469,not available,
Rv0678,a271c ,Bedaquiline ,"Degiacomi G, 2020",R,0.5,1,,vitro,WGS,33042066,10.3389/fmicb.2020.559469,not available,
Rv0678,961t,Bedaquiline ,"Degiacomi G, 2020",R,0.5,1,,vitro,WGS,33042066,10.3389/fmicb.2020.559469,not available,
Rv0678,9197a ,Bedaquiline ,"Degiacomi G, 2020",R,0.25,1,,vitro,WGS,33042066,10.3389/fmicb.2020.559469,not available,
atpE,E61E,Bedaquiline ,"Wu SH, 2021",S,,1,H37Rv (GenBank: AL123456.3),clinical ,sanger ,34745058,10.3389/fmicb.2021.754249,NA,
pepQ,A210A,Bedaquiline ,"Wu SH, 2021",S,,1,H37Rv (GenBank: AL123456.3),clinical ,sanger ,34745058,10.3389/fmicb.2021.754249,NA,
Rv0678,c-11a,Bedaquiline ,"Wu SH, 2021",S,,1,H37Rv (GenBank: AL123456.3),clinical ,sanger ,34745058,10.3389/fmicb.2021.754249,NA,
Rv0678,g-14a C46Y,Bedaquiline ,"Wu SH, 2021",R,,1,H37Rv (GenBank: AL123456.3),clinical ,sanger ,34745058,10.3389/fmicb.2021.754249,NA,
Rv0678,S53P,Bedaquiline ,"Wu SH, 2021",R,,2,H37Rv (GenBank: AL123456.3),clinical ,sanger ,34745058,10.3389/fmicb.2021.754249,NA,
Rv0678,I80S   ,Bedaquiline ,"Wu SH, 2021",R,,3,H37Rv (GenBank: AL123456.3),clinical ,sanger ,34745058,10.3389/fmicb.2021.754249,NA,
Rv0678,L83P,Bedaquiline ,"Wu SH, 2021",R,,1,H37Rv (GenBank: AL123456.3),clinical ,sanger ,34745058,10.3389/fmicb.2021.754249,NA,
Rv0678,G87A,Bedaquiline ,"Wu SH, 2021",S,,1,H37Rv (GenBank: AL123456.3),clinical ,sanger ,34745058,10.3389/fmicb.2021.754249,NA,
Rv0678,F100Y,Bedaquiline ,"Wu SH, 2021",R,,1,H37Rv (GenBank: AL123456.3),clinical ,sanger ,34745058,10.3389/fmicb.2021.754249,NA,
Rv0678,A102V,Bedaquiline ,"Wu SH, 2021",R,,1,H37Rv (GenBank: AL123456.3),clinical ,sanger ,34745058,10.3389/fmicb.2021.754249,NA,
Rv0678,L114P,Bedaquiline ,"Wu SH, 2021",R,,1,H37Rv (GenBank: AL123456.3),clinical ,sanger ,34745058,10.3389/fmicb.2021.754249,NA,
Rv0678,Del 11_63 Fs,Bedaquiline ,"Wu SH, 2021",R,,1,H37Rv (GenBank: AL123456.3),clinical ,sanger ,34745058,10.3389/fmicb.2021.754249,NA,
Rv0678,Ins g 181_182 Fs ,Bedaquiline ,"Wu SH, 2021",R,,2,H37Rv (GenBank: AL123456.3),clinical ,sanger ,34745058,10.3389/fmicb.2021.754249,NA,
Rv0678,Ins a 274_275 Fs ,Bedaquiline ,"Wu SH, 2021",R,,1,H37Rv (GenBank: AL123456.3),clinical ,sanger ,34745058,10.3389/fmicb.2021.754249,NA,
Rv0678,IS6110 insertion 71 position/498 bp,Bedaquiline/clofazimine,"Antoine R, 2021",R,,,TB_RSA126,clinical ,WGS,34287057,10.1128/Spectrum.00019-21,PRJNA739842,
Rv0678,IS6110 insertion 71 position/498 bp,Bedaquiline/clofazimine,"Antoine R, 2021",R,,,TB_RSA64,clinical ,WGS,34287057,10.1128/Spectrum.00019-21,PRJNA739842,
Rv0678,IS6110 insertion 71 position/498 bp,Bedaquiline/clofazimine,"Antoine R, 2021",R,,,TB_RSA63,clinical ,WGS,34287057,10.1128/Spectrum.00019-21,PRJNA739842,
Rv0678,IS6110 insertion 71 position/498 bp,Bedaquiline/clofazimine,"Antoine R, 2021",R,,,TKK-01-0074,clinical ,WGS,34287057,10.1128/Spectrum.00019-21,PRJNA739842,
Rv0678,IS6110 insertion 71 position/498 bp,Bedaquiline/clofazimine,"Antoine R, 2021",R,,,KT-0084,clinical ,WGS,34287057,10.1128/Spectrum.00019-21,PRJNA739842,
Rv0678,c.117_118dupGT,Bedaquiline ,"Yoshiyama T, 2021",R,,,,clinical ,WGS,32730621,10.1093/cid/ciaa1064,not available,
fbiC,c.1325_1326dupCG,Delamanid,"Yoshiyama T, 2021",R,,,,clinical ,WGS,32730621,10.1093/cid/ciaa1064,not available,
Rv0678,"Ile68fs, G deletion at 193",Bedaquiline ,"Chawla K, 2018",R,,1,,clinical ,WGS,30248414,10.1016/j.jgar.2018.09.006,SRP111530,
rrl,g2270t,Linezolid,"Ushtanit A, 2021",R,,1,,clinical ,sanger ,34680823,10.3390/antibiotics10101243,NA,
rrl,a2810c,Linezolid,"Ushtanit A, 2021",R,,1,,clinical ,sanger ,34680823,10.3390/antibiotics10101243,NA,
rrl,g2814t,Linezolid,"Ushtanit A, 2021",R,,2,,clinical ,sanger ,34680823,10.3390/antibiotics10101243,NA,
rplC,t460c,Linezolid,"Ushtanit A, 2021",R,,13,,clinical ,sanger ,34680823,10.3390/antibiotics10101243,NA,
atpE,A63P,Bedaquiline/ clofazimine,"Andres S, 2020 ",R,>8  (µg/ml),1,,clinical ,WGS,32053752,10.1164/rccm.201909-1819LE,not available,
Rv0678,193 delG,Bedaquiline/ clofazimine,"Andres S, 2020 ",R,2  (µg/ml),1,,clinical ,WGS,32053752,10.1164/rccm.201909-1819LE,not available,
Rv0678,192 insG,Bedaquiline/ clofazimine,"Andres S, 2020 ",R,2  (µg/ml),1,,clinical ,WGS,32053752,10.1164/rccm.201909-1819LE,not available,
Rv0678,Y157C,Bedaquiline/ clofazimine,"Andres S, 2020 ",R,2  (µg/ml),1,,clinical ,WGS,32053752,10.1164/rccm.201909-1819LE,not available,
Rv0678,R94W,Bedaquiline/ clofazimine,"Andres S, 2020 ",R,2  (µg/ml),1,,clinical ,WGS,32053752,10.1164/rccm.201909-1819LE,not available,
Rv0678,193 delG,Bedaquiline/ clofazimine,"Andres S, 2020 ",R,2  (µg/ml),1,,clinical ,WGS,32053752,10.1164/rccm.201909-1819LE,not available,
Rv0678,R156 ,Bedaquiline/ clofazimine,"Andres S, 2020 ",R,2  (µg/ml),1,,clinical ,WGS,32053752,10.1164/rccm.201909-1819LE,not available,
Rv0678,R82P,Bedaquiline/ clofazimine,"Andres S, 2020 ",R,2  (µg/ml),1,,clinical ,WGS,32053752,10.1164/rccm.201909-1819LE,not available,
Rv0678,R94W,Bedaquiline/ clofazimine,"Andres S, 2020 ",R,2  (µg/ml),1,,clinical ,WGS,32053752,10.1164/rccm.201909-1819LE,not available,
Rv0678,138insG,Bedaquiline/ clofazimine,"Andres S, 2020 ",R,2  (µg/ml),1,,clinical ,WGS,32053752,10.1164/rccm.201909-1819LE,not available,
Rv0678,141insC,Bedaquiline/ clofazimine,"Andres S, 2020 ",R,2  (µg/ml),1,,clinical ,WGS,32053752,10.1164/rccm.201909-1819LE,not available,
Rv0678,138insG,Bedaquiline/ clofazimine,"Andres S, 2020 ",R,4  (µg/ml),1,,clinical ,WGS,32053752,10.1164/rccm.201909-1819LE,not available,
Rv0678,141insC,Bedaquiline/ clofazimine,"Andres S, 2020 ",R,4  (µg/ml),1,,clinical ,WGS,32053752,10.1164/rccm.201909-1819LE,not available,
Rv0678,141insC,Bedaquiline/ clofazimine,"Andres S, 2020 ",R,2  (µg/ml),1,,clinical ,WGS,32053752,10.1164/rccm.201909-1819LE,not available,
Rv0678,140insCT,Bedaquiline/ clofazimine,"Andres S, 2020 ",R,2  (µg/ml),1,,clinical ,WGS,32053752,10.1164/rccm.201909-1819LE,not available,
Rv0678,A153P,Bedaquiline/ clofazimine,"Andres S, 2020 ",R,2  (µg/ml),1,,clinical ,WGS,32053752,10.1164/rccm.201909-1819LE,not available,
Rv0678,192insG,Bedaquiline/ clofazimine,"Andres S, 2020 ",R,2  (µg/ml),1,,clinical ,WGS,32053752,10.1164/rccm.201909-1819LE,not available,
Rv0678,141insC,Bedaquiline/ clofazimine,"Andres S, 2020 ",R,2  (µg/ml),1,,clinical ,WGS,32053752,10.1164/rccm.201909-1819LE,not available,
Rv0678,I108V,Bedaquiline/ clofazimine,"Andres S, 2020 ",R,2  (µg/ml),1,,clinical ,WGS,32053752,10.1164/rccm.201909-1819LE,not available,
Rv0678,141insC,Bedaquiline/ clofazimine,"Andres S, 2020 ",R,2  (µg/ml),1,,clinical ,WGS,32053752,10.1164/rccm.201909-1819LE,not available,
Rv0678,p.Glu49fs,Bedaquiline,"Kabahita JM, 2022",R,,2,,clinical ,WGS,35550202,10.1186/s13756-022-01101-2,PRJNA749651,
Rv0678,p.Glu49fs,Clofazimine,"Kabahita JM, 2022",R,,2,,clinical ,WGS,35550202,10.1186/s13756-022-01101-2,PRJNA749651,
rplC,p.Cys154Arg,Linezolid,"Kabahita JM, 2022",R,,2,,clinical ,WGS,35550202,10.1186/s13756-022-01101-2,PRJNA749651,
mmpL5,p.Ile948Val,Bedaquiline and Clofazimine,"Kabahita JM, 2022",R,,2,,clinical ,WGS,35550202,10.1186/s13756-022-01101-2,PRJNA749651,
mmpL5,p.Gly131Arg,Bedaquiline and Clofazimine,"Kabahita JM, 2022",R,,2,,clinical ,WGS,35550202,10.1186/s13756-022-01101-2,PRJNA749651,
mmpL5,p.Thr352Pro,Bedaquiline and Clofazimine,"Kabahita JM, 2022",R,,2,,clinical ,WGS,35550202,10.1186/s13756-022-01101-2,PRJNA749651,
Rv0678,p.Ala124Gly,Bedaquiline and Clofazimine,"Kabahita JM, 2022",R,,2,,clinical ,WGS,35550202,10.1186/s13756-022-01101-2,PRJNA749651,
Rv0678,p.Asp141Glu,Bedaquiline and Clofazimine,"Kabahita JM, 2022",R,,2,,clinical ,WGS,35550202,10.1186/s13756-022-01101-2,PRJNA749651,
Rv0678,p.Thr161Asn,Bedaquiline and Clofazimine,"Kabahita JM, 2022",R,,2,,clinical ,WGS,35550202,10.1186/s13756-022-01101-2,PRJNA749651,
Rv1979c,p.Ala128Ser,Bedaquiline and Clofazimine,"Kabahita JM, 2022",R,,2,,clinical ,WGS,35550202,10.1186/s13756-022-01101-2,PRJNA749651,
Rv1979c,p.Pro349Ala,Bedaquiline and Clofazimine,"Kabahita JM, 2022",R,,2,,clinical ,WGS,35550202,10.1186/s13756-022-01101-2,PRJNA749651,
pepQ,"p.Ala224Ser,",Bedaquiline and Clofazimine,"Kabahita JM, 2022",R,,2,,clinical ,WGS,35550202,10.1186/s13756-022-01101-2,PRJNA749651,
pepQ,p.Leu300Arg,Bedaquiline and Clofazimine,"Kabahita JM, 2022",R,,2,,clinical ,WGS,35550202,10.1186/s13756-022-01101-2,PRJNA749651,
pepQ,p.Leu362Trp,Bedaquiline and Clofazimine,"Kabahita JM, 2022",R,,2,,clinical ,WGS,35550202,10.1186/s13756-022-01101-2,PRJNA749651,
rplC,p.Gly153Glu,Linezolid,"Kabahita JM, 2022",R,,2,,clinical ,WGS,35550202,10.1186/s13756-022-01101-2,PRJNA749651,
rplC,p.Ala155Asp,Linezolid,"Kabahita JM, 2022",R,,2,,clinical ,WGS,35550202,10.1186/s13756-022-01101-2,PRJNA749651,
rplC,p.Thr156Pro,Linezolid,"Kabahita JM, 2022",R,,2,,clinical ,WGS,35550202,10.1186/s13756-022-01101-2,PRJNA749651,
fgd1,p.Ser38Arg,Delamanid,"Kabahita JM, 2022",R,,2,,clinical ,WGS,35550202,10.1186/s13756-022-01101-2,PRJNA749651,
fgd1,p.Thr92Pro,Delamanid,"Kabahita JM, 2022",R,,2,,clinical ,WGS,35550202,10.1186/s13756-022-01101-2,PRJNA749651,
fgd1,p.Phe102Cys,Delamanid,"Kabahita JM, 2022",R,,2,,clinical ,WGS,35550202,10.1186/s13756-022-01101-2,PRJNA749651,
fgd1,p.Gly199Ala,Delamanid,"Kabahita JM, 2022",R,,2,,clinical ,WGS,35550202,10.1186/s13756-022-01101-2,PRJNA749651,
fgd1,p.Glu213Asp,Delamanid,"Kabahita JM, 2022",R,,2,,clinical ,WGS,35550202,10.1186/s13756-022-01101-2,PRJNA749651,
fbiC,p.Cys59Gly,Delamanid,"Kabahita JM, 2022",R,,2,,clinical ,WGS,35550202,10.1186/s13756-022-01101-2,PRJNA749651,
fbiC,p.Asp375Ala,Delamanid,"Kabahita JM, 2022",R,,2,,clinical ,WGS,35550202,10.1186/s13756-022-01101-2,PRJNA749651,
fbiC,p.Glu376Gly,Delamanid,"Kabahita JM, 2022",R,,2,,clinical ,WGS,35550202,10.1186/s13756-022-01101-2,PRJNA749651,
fbiC,p.Trp405Gly,Delamanid,"Kabahita JM, 2022",R,,2,,clinical ,WGS,35550202,10.1186/s13756-022-01101-2,PRJNA749651,
fbiC,p.Ile406Ser,Delamanid,"Kabahita JM, 2022",R,,2,,clinical ,WGS,35550202,10.1186/s13756-022-01101-2,PRJNA749651,
fbiC,p.Asp492Tyr,Delamanid,"Kabahita JM, 2022",R,,2,,clinical ,WGS,35550202,10.1186/s13756-022-01101-2,PRJNA749651,
fbiC,p.Glu503Gly,Delamanid,"Kabahita JM, 2022",R,,2,,clinical ,WGS,35550202,10.1186/s13756-022-01101-2,PRJNA749651,
fbiC,p.Ile638Ser,Delamanid,"Kabahita JM, 2022",R,,2,,clinical ,WGS,35550202,10.1186/s13756-022-01101-2,PRJNA749651,
fbiC,p.Leu672Val,Delamanid,"Kabahita JM, 2022",R,,2,,clinical ,WGS,35550202,10.1186/s13756-022-01101-2,PRJNA749651,
fbiC,p.Leu672Arg,Delamanid,"Kabahita JM, 2022",R,,2,,clinical ,WGS,35550202,10.1186/s13756-022-01101-2,PRJNA749651,
fbiC,p.Asp673Ala,Delamanid,"Kabahita JM, 2022",R,,2,,clinical ,WGS,35550202,10.1186/s13756-022-01101-2,PRJNA749651,
fbiC,p.Pro686Ala,Delamanid,"Kabahita JM, 2022",R,,2,,clinical ,WGS,35550202,10.1186/s13756-022-01101-2,PRJNA749651,
fbiC,p.Glu692Ala,Delamanid,"Kabahita JM, 2022",R,,2,,clinical ,WGS,35550202,10.1186/s13756-022-01101-2,PRJNA749651,
fbiC,p.Glu152,Delamanid,"Kabahita JM, 2022",R,,2,,clinical ,WGS,35550202,10.1186/s13756-022-01101-2,PRJNA749651,
fbiA,p.Val73Gly,Delamanid,"Kabahita JM, 2022",R,,2,,clinical ,WGS,35550202,10.1186/s13756-022-01101-2,PRJNA749651,
fbiA,p.Met319Arg,Delamanid,"Kabahita JM, 2022",R,,2,,clinical ,WGS,35550202,10.1186/s13756-022-01101-2,PRJNA749651,
fbiB,p.Ile18Val,Delamanid,"Kabahita JM, 2022",R,,2,,clinical ,WGS,35550202,10.1186/s13756-022-01101-2,PRJNA749651,
fbiB,p.Ser54Ala,Delamanid,"Kabahita JM, 2022",R,,2,,clinical ,WGS,35550202,10.1186/s13756-022-01101-2,PRJNA749651,
fbiB,p.Ala104Glu,Delamanid,"Kabahita JM, 2022",R,,2,,clinical ,WGS,35550202,10.1186/s13756-022-01101-2,PRJNA749651,
fbiB,p.Leu249Arg,Delamanid,"Kabahita JM, 2022",R,,2,,clinical ,WGS,35550202,10.1186/s13756-022-01101-2,PRJNA749651,
fbiB,p.Glu250Ala,Delamanid,"Kabahita JM, 2022",R,,2,,clinical ,WGS,35550202,10.1186/s13756-022-01101-2,PRJNA749651,
fbiB,p.Ser262Ala,Delamanid,"Kabahita JM, 2022",R,,2,,clinical ,WGS,35550202,10.1186/s13756-022-01101-2,PRJNA749651,
fbiB,p.Val263Gly,Delamanid,"Kabahita JM, 2022",R,,2,,clinical ,WGS,35550202,10.1186/s13756-022-01101-2,PRJNA749651,
ddn,p.Glu35Lys,Delamanid,"Kabahita JM, 2022",R,,2,,clinical ,WGS,35550202,10.1186/s13756-022-01101-2,PRJNA749651,
ddn,p.Glu35Gly,Delamanid,"Kabahita JM, 2022",R,,2,,clinical ,WGS,35550202,10.1186/s13756-022-01101-2,PRJNA749651,
ddn,p.Asp108Glu,Delamanid,"Kabahita JM, 2022",R,,2,,clinical ,WGS,35550202,10.1186/s13756-022-01101-2,PRJNA749651,
Rv2983,p.His159Pro,Delamanid,"Kabahita JM, 2022",R,,2,,clinical ,WGS,35550202,10.1186/s13756-022-01101-2,PRJNA749651,
atpE,L49P,Bedaquiline,"Singh BK, 2020",R,,1,,clinical ,sanger ,32474547,10.4103/ijmy.ijmy_30_20,NA,
mmpR,V1A,Bedaquiline and Clofazimine,"Bloemberg GV, 2015",R,,,,clinical ,WGS,26559594,10.1056/NEJMc1505196,"PRJEB8800 (European Nucleotide Archive, runs ERR789235, ERR789234, ERR789238, ERR789236, ERR789237, ERR789239)",
fbiA,D49Y,Delamanid,"Bloemberg GV, 2015",R,,,,clinical ,WGS,26559594,10.1056/NEJMc1505196,"PRJEB8800 (European Nucleotide Archive, runs ERR789235, ERR789234, ERR789238, ERR789236, ERR789237, ERR789239)",
rrl,G2576T,Linezolid,"Bloemberg GV, 2015",R,,,,clinical ,WGS,26559594,10.1056/NEJMc1505196,"PRJEB8800 (European Nucleotide Archive, runs ERR789235, ERR789234, ERR789238, ERR789236, ERR789237, ERR789239)",
rrl,A2572C,Linezolid,"Bloemberg GV, 2015",R,,,,clinical ,WGS,26559594,10.1056/NEJMc1505196,"PRJEB8800 (European Nucleotide Archive, runs ERR789235, ERR789234, ERR789238, ERR789236, ERR789237, ERR789239)",
Rv0678,M1A,Bedaquiline,"Hoffmann H, 2016",R,,,,clinical ,WGS,26829425,10.1164/rccm.201502-0372LE,"CH-2014186009 and GB4492-175,ERP011090",
Rv0678,t437c,Clofazimine,"Xu J, 2017",R,,,,clinical ,sanger ,28320727,10.1128/AAC.00239-17,NA,
Rv0678,g5t,Clofazimine,"Xu J, 2017",R,,,,clinical ,sanger ,28320727,10.1128/AAC.00239-17,NA,
Rv0678,c158t,Clofazimine,"Xu J, 2017",R,,,,clinical ,sanger ,28320727,10.1128/AAC.00239-17,NA,
Rv0678,t350g,Clofazimine,"Xu J, 2017",R,,,,clinical ,sanger ,28320727,10.1128/AAC.00239-17,NA,
rv0678,ins g140,,"Veziris N, 2017",R,,,,clinical ,sanger ,28182568,10.1183/13993003.01719-2016,NA,
rv0678,M139T,Bedaquiline,"Veziris N, 2017",R,,,,clinical ,sanger ,28182568,10.1183/13993003.01719-2016,NA,
mmpR,L142R,Bedaquiline,"Zimenkov DV, 2017",R,,,,clinical ,sanger ,28387862,10.1093/jac/dkx094,NA,
mmpR,Ins144c,Bedaquiline,"Zimenkov DV, 2017",R,,,,clinical ,sanger ,28387862,10.1093/jac/dkx094,NA,
mmpR,Del32g,Bedaquiline,"Zimenkov DV, 2017",R,,,,clinical ,sanger ,28387862,10.1093/jac/dkx094,NA,
mmpR,Del435t,Bedaquiline,"Zimenkov DV, 2017",R,,,,clinical ,sanger ,28387862,10.1093/jac/dkx094,NA,
mmpR,Del214c,Bedaquiline,"Zimenkov DV, 2017",R,,,,clinical ,sanger ,28387862,10.1093/jac/dkx094,NA,
mmpR,Del198g,Bedaquiline,"Zimenkov DV, 2017",R,,,,clinical ,sanger ,28387862,10.1093/jac/dkx094,NA,
mmpR,Ins139g,Bedaquiline,"Zimenkov DV, 2017",R,,,,clinical ,sanger ,28387862,10.1093/jac/dkx094,NA,
mmpR,Del291c,Bedaquiline,"Zimenkov DV, 2017",R,,,,clinical ,sanger ,28387862,10.1093/jac/dkx094,NA,
mmpR,M23L,Bedaquiline,"Zimenkov DV, 2017",R,,,,clinical ,sanger ,28387862,10.1093/jac/dkx094,NA,
mmpR,Del19g,Bedaquiline,"Zimenkov DV, 2017",R,,,,clinical ,sanger ,28387862,10.1093/jac/dkx094,NA,
mmpR,E49stop,Bedaquiline,"Zimenkov DV, 2017",R,,,,clinical ,sanger ,28387862,10.1093/jac/dkx094,NA,
mmpR,Del198g,Bedaquiline,"Zimenkov DV, 2017",R,,,,clinical ,sanger ,28387862,10.1093/jac/dkx094,NA,
mmpR,Ins468ga,Bedaquiline,"Zimenkov DV, 2017",R,,,,clinical ,sanger ,28387862,10.1093/jac/dkx094,NA,
mmpR,V85A,Bedaquiline,"Zimenkov DV, 2017",R,,,,clinical ,sanger ,28387862,10.1093/jac/dkx094,NA,
mmpR,F79S,Bedaquiline,"Zimenkov DV, 2017",R,,,,clinical ,sanger ,28387862,10.1093/jac/dkx094,NA,
mmpR,Ins137g,Bedaquiline,"Zimenkov DV, 2017",R,,,,clinical ,sanger ,28387862,10.1093/jac/dkx094,NA,
mmpR,Ins44a,Bedaquiline,"Zimenkov DV, 2017",R,,,,clinical ,sanger ,28387862,10.1093/jac/dkx094,NA,
mmpR,S53P,Bedaquiline,"Zimenkov DV, 2017",R,,,,clinical ,sanger ,28387862,10.1093/jac/dkx094,NA,
mmpR,Del198g,Bedaquiline,"Zimenkov DV, 2017",R,,,,clinical ,sanger ,28387862,10.1093/jac/dkx094,NA,
mmpR,Del336c,Bedaquiline,"Zimenkov DV, 2017",R,,,,clinical ,sanger ,28387862,10.1093/jac/dkx094,NA,
mmpR,Ins421g,Bedaquiline,"Zimenkov DV, 2017",R,,,,clinical ,sanger ,28387862,10.1093/jac/dkx094,NA,
mmpR,A98V,Bedaquiline,"Zimenkov DV, 2017",R,,,,clinical ,sanger ,28387862,10.1093/jac/dkx094,NA,
mmpR,Del198g,Bedaquiline,"Zimenkov DV, 2017",R,,,,clinical ,sanger ,28387862,10.1093/jac/dkx094,NA,
mmpR,Del212c,Bedaquiline,"Zimenkov DV, 2017",R,,,,clinical ,sanger ,28387862,10.1093/jac/dkx094,NA,
mmpR,G78A,Bedaquiline,"Zimenkov DV, 2017",R,,,,clinical ,sanger ,28387862,10.1093/jac/dkx094,NA,
mmpR,L122P,Bedaquiline,"Zimenkov DV, 2017",R,,,,clinical ,sanger ,28387862,10.1093/jac/dkx094,NA,
mmpR,Delg19g,Bedaquiline,"Zimenkov DV, 2017",R,,,,clinical ,sanger ,28387862,10.1093/jac/dkx094,NA,
mmpR,Del198g,Bedaquiline,"Zimenkov DV, 2017",R,,,,clinical ,sanger ,28387862,10.1093/jac/dkx094,NA,
mmpR,C46R,Bedaquiline,"Zimenkov DV, 2017",R,,,,clinical ,sanger ,28387862,10.1093/jac/dkx094,NA,
mmpR,Ins139tg,Bedaquiline,"Zimenkov DV, 2017",R,,,,clinical ,sanger ,28387862,10.1093/jac/dkx094,NA,
mmpR,L40S,Bedaquiline,"Zimenkov DV, 2017",R,,,,clinical ,sanger ,28387862,10.1093/jac/dkx094,NA,
atpE,A63V,Bedaquiline,"Zimenkov DV, 2017",R,,,,clinical ,sanger ,28387862,10.1093/jac/dkx094,NA,
atpE,D28N,Bedaquiline,"Zimenkov DV, 2017",R,,,,clinical ,sanger ,28387862,10.1093/jac/dkx094,NA,
rplC,t460c,Linezolid,"Zimenkov DV, 2017",R,,,,clinical ,sanger ,28387862,10.1093/jac/dkx094,NA,
rplC,C154S,Linezolid,"Zimenkov DV, 2017",R,,,,clinical ,sanger ,28387862,10.1093/jac/dkx094,NA,
rplC,C154R,Linezolid,"Zimenkov DV, 2017",R,,,,clinical ,sanger ,28387862,10.1093/jac/dkx094,NA,
rrl,g2814t,Linezolid,"Zimenkov DV, 2017",R,,,,clinical ,sanger ,28387862,10.1093/jac/dkx094,NA,
rrl,c1921t,Linezolid,"Zimenkov DV, 2017",R,,,,clinical ,sanger ,28387862,10.1093/jac/dkx094,NA,
rrl,g2294a,Linezolid,"Zimenkov DV, 2017",R,,,,clinical ,sanger ,28387862,10.1093/jac/dkx094,NA,
Rv0678,Ser53Pro,Clofazimine,"Pang Y, 2017",R,,,,vitro,sanger ,28739779,10.1128/AAC.00900-17,NA,
Rv0678,Ser53Leu,Clofazimine,"Pang Y, 2017",R,,,,vitro,sanger ,28739779,10.1128/AAC.00900-17,NA,
Rv0678,Tyr157Asp,Clofazimine,"Pang Y, 2017",R,,,,vitro,sanger ,28739779,10.1128/AAC.00900-17,NA,
rplC,Cys154Arg,Linezolid,"Pang Y, 2017",R,,,,vitro,sanger ,28739779,10.1128/AAC.00900-17,NA,
fbiC,Val318Ile,Delamanid,"Pang Y, 2017",R,,,,vitro,sanger ,28739779,10.1128/AAC.00900-17,NA,
ddn,L49P,Delamanid,"Walker TM, 2022",R,,,,clinical ,WGS,35373160,10.1016/S2666-5247(21)00301-3,WHO,
rplC,C154R,Linezolid,"Walker TM, 2022",R,,,,clinical ,WGS,35373160,10.1016/S2666-5247(21)00301-3,WHO,
rrs,c-187t,Linezolid,"Walker TM, 2022",S,,,,clinical ,WGS,35373160,10.1016/S2666-5247(21)00301-3,WHO,
rrl,c344t,Linezolid,"Walker TM, 2022",S,,,,clinical ,WGS,35373160,10.1016/S2666-5247(21)00301-3,WHO,
mmpL5,D767N,Bedaquiline,"Walker TM, 2022",S,,,,clinical ,WGS,35373160,10.1016/S2666-5247(21)00301-3,WHO,
mmpL5,T794I,Bedaquiline,"Walker TM, 2022",S,,,,clinical ,WGS,35373160,10.1016/S2666-5247(21)00301-3,WHO,
mmpL5,I948V,Bedaquiline,"Walker TM, 2022",S,,,,clinical ,WGS,35373160,10.1016/S2666-5247(21)00301-3,WHO,
ddn,R23P,Delamanid,"Liu Y, 2022",R,0.25,1,,clinical ,sanger ,36448833,10.1128/aac.00531-22,NA,
ddn,G38fs,Delamanid,"Liu Y, 2022",R,16,1,,clinical ,sanger ,36448833,10.1128/aac.00531-22,NA,
ddn,G39fs,Delamanid,"Liu Y, 2022",R,16,1,,clinical ,sanger ,36448833,10.1128/aac.00531-22,NA,
ddn,T40fs,Delamanid,"Liu Y, 2022",R,0.5 to 1,2,,clinical ,sanger ,36448833,10.1128/aac.00531-22,NA,
ddn,P45fs,Delamanid,"Liu Y, 2022",R,>16,1,,clinical ,sanger ,36448833,10.1128/aac.00531-22,NA,
ddn,G53C,Delamanid,"Liu Y, 2022",R,0.5,1,,clinical ,sanger ,36448833,10.1128/aac.00531-22,NA,
ddn,R54fs,Delamanid,"Liu Y, 2022",R,16,1,,clinical ,sanger ,36448833,10.1128/aac.00531-22,NA,
ddn,P63Q,Delamanid,"Liu Y, 2022",R,>16,2,,clinical ,sanger ,36448833,10.1128/aac.00531-22,NA,
ddn,Y65*,Delamanid,"Liu Y, 2022",R,16,2,,clinical ,sanger ,36448833,10.1128/aac.00531-22,NA,
ddn,S78Y,Delamanid,"Liu Y, 2022",R,>16,1,,clinical ,sanger ,36448833,10.1128/aac.00531-22,NA,
ddn,237_238insGCG,Delamanid,"Liu Y, 2022",R,1,1,,clinical ,sanger ,36448833,10.1128/aac.00531-22,NA,
ddn,E118K,Delamanid,"Liu Y, 2022",R,>16,4,,clinical ,sanger ,36448833,10.1128/aac.00531-22,NA,
ddn,R142F,Delamanid,"Liu Y, 2022",R,0.125,4,,clinical ,sanger ,36448833,10.1128/aac.00531-22,NA,
ddn,P145fs,Delamanid,"Liu Y, 2022",R,>16,1,,clinical ,sanger ,36448833,10.1128/aac.00531-22,NA,
ddn,E150fs,Delamanid,"Liu Y, 2022",R,0.5 to 16,3,,clinical ,sanger ,36448833,10.1128/aac.00531-22,NA,
fgd1,L70R,Delamanid,"Liu Y, 2022",R,16,4,,clinical ,sanger ,36448833,10.1128/aac.00531-22,NA,
fgd1,M93R,Delamanid,"Liu Y, 2022",R,16,1,,clinical ,sanger ,36448833,10.1128/aac.00531-22,NA,
fgd1,L202fs,Delamanid,"Liu Y, 2022",R,>16,1,,clinical ,sanger ,36448833,10.1128/aac.00531-22,NA,
fgd1,W284S,Delamanid,"Liu Y, 2022",R,>16,1,,clinical ,sanger ,36448833,10.1128/aac.00531-22,NA,
fgd1,P290fs,Delamanid,"Liu Y, 2022",R,>16,1,,clinical ,sanger ,36448833,10.1128/aac.00531-22,NA,
fgd1,G304V,Delamanid,"Liu Y, 2022",R,>16,1,,clinical ,sanger ,36448833,10.1128/aac.00531-22,NA,
fgd1,L321P,Delamanid,"Liu Y, 2022",R,0.25,1,,clinical ,sanger ,36448833,10.1128/aac.00531-22,NA,
fbiA,G8S,Delamanid,"Liu Y, 2022",R,1,1,,clinical ,sanger ,36448833,10.1128/aac.00531-22,NA,
fbiA,C65R,Delamanid,"Liu Y, 2022",R,0.25,1,,clinical ,sanger ,36448833,10.1128/aac.00531-22,NA,
fbiA,E103fs,Delamanid,"Liu Y, 2022",R,16,1,,clinical ,sanger ,36448833,10.1128/aac.00531-22,NA,
fbiA,L143P,Delamanid,"Liu Y, 2022",R,>16,1,,clinical ,sanger ,36448833,10.1128/aac.00531-22,NA,
fbiA,A199E,Delamanid,"Liu Y, 2022",R,1,1,,clinical ,sanger ,36448833,10.1128/aac.00531-22,NA,
fbiA,K250*,Delamanid,"Liu Y, 2022",R,16,1,,clinical ,sanger ,36448833,10.1128/aac.00531-22,NA,
fbiA,E249fs,Delamanid,"Liu Y, 2022",R,>16,1,,clinical ,sanger ,36448833,10.1128/aac.00531-22,NA,
fbiA,W288*,Delamanid,"Liu Y, 2022",R,>16,1,,clinical ,sanger ,36448833,10.1128/aac.00531-22,NA,
fbiB,P67fs,Delamanid,"Liu Y, 2022",R,4,1,,clinical ,sanger ,36448833,10.1128/aac.00531-22,NA,
fbiB,A246fs,Delamanid,"Liu Y, 2022",R,8,1,,clinical ,sanger ,36448833,10.1128/aac.00531-22,NA,
fbiC,C59*,Delamanid,"Liu Y, 2022",R,>16,1,,clinical ,sanger ,36448833,10.1128/aac.00531-22,NA,
fbiC,R115fs,Delamanid,"Liu Y, 2022",R,2 to 16,6,,clinical ,sanger ,36448833,10.1128/aac.00531-22,NA,
fbiC,F255fs,Delamanid,"Liu Y, 2022",R,8,1,,clinical ,sanger ,36448833,10.1128/aac.00531-22,NA,
fbiC,G258D,Delamanid,"Liu Y, 2022",R,>16,1,,clinical ,sanger ,36448833,10.1128/aac.00531-22,NA,
fbiC,L377R,Delamanid,"Liu Y, 2022",R,8 to 16,2,,clinical ,sanger ,36448833,10.1128/aac.00531-22,NA,
fbiC,E598Q,Delamanid,"Liu Y, 2022",R,16,1,,clinical ,sanger ,36448833,10.1128/aac.00531-22,NA,
fbiC,G604C,Delamanid,"Liu Y, 2022",R,16,1,,clinical ,sanger ,36448833,10.1128/aac.00531-22,NA,
fbiC,A668fs,Delamanid,"Liu Y, 2022",R,>16,1,,clinical ,sanger ,36448833,10.1128/aac.00531-22,NA,
fbiC,H698D,Delamanid,"Liu Y, 2022",R,>16,1,,clinical ,sanger ,36448833,10.1128/aac.00531-22,NA,
ddn ,Trp20Stop,Delamanid and Pretomanid,"Mansjö M, 2022",R,,,,clinical ,WGS,36409105,10.1128/aac.01026-22,PRJEB52416,
Rv0678,D165fs,Bedaquiline,"Perumal R, 2023",R,,,,clinical ,WGS,37193296,10.2147/IDR.S408976,not available,
Rv1979c,R409Q,Clofazimine,"Perumal R, 2023",R,,,,clinical ,WGS,37193296,10.2147/IDR.S408976,not available,
fbiA ,Glu249Lys,Delamanid and Pretomanid,"Wen S, 2019 ",R,,,,clinical ,sanger ,30953211,10.1007/s10096-019-03551-w,NA,
fgd1,Lys270Met,Delamanid,"Reichmuth ML, 2020 ",R,0.5,1,,clinical ,WGS,32868333,10.1128/AAC.00513-20,PRJNA300846,
fgd1,T960C,Delamanid,"Reichmuth ML, 2020 ",R,> 8,1,,clinical ,WGS,32868333,10.1128/AAC.00513-20,PRJNA300846,
fbiC,Ala416Val ,Delamanid,"Reichmuth ML, 2020 ",R,0.03,1,,clinical ,WGS,32868333,10.1128/AAC.00513-20,PRJNA300846,
fbiC,Trp678Gly,Delamanid,"Reichmuth ML, 2020 ",R,0.03,1,,clinical ,WGS,32868333,10.1128/AAC.00513-20,PRJNA300846,
fgd1,Arg64Ser ,Delamanid,"Reichmuth ML, 2020 ",R,0.03,1,,clinical ,WGS,32868333,10.1128/AAC.00513-20,PRJNA300846,
fgd1,T960C,Delamanid,"Reichmuth ML, 2020 ",R,0.03,1,,clinical ,WGS,32868333,10.1128/AAC.00513-20,PRJNA300846,
rrl,G2814T,Linezolid,"Wasserman S, 2019",R,,,,clinical ,sanger ,31081017,10.1093/jac/dkz206,NA,
rrl,G2270T,Linezolid,"Wasserman S, 2019",R,,,,clinical ,sanger ,31081017,10.1093/jac/dkz206,NA,
rrl,G2270C,Linezolid,"Wasserman S, 2019",R,,,,clinical ,sanger ,31081017,10.1093/jac/dkz206,NA,
rrl,A2810C,Linezolid,"Wasserman S, 2019",R,,,,clinical ,sanger ,31081017,10.1093/jac/dkz206,NA,
rplC,T460C,Linezolid,"Wasserman S, 2019",R,,,,clinical ,sanger ,31081017,10.1093/jac/dkz206,NA,
rplC,G546A,Linezolid,"Wasserman S, 2019",S,,,,clinical ,sanger ,31081017,10.1093/jac/dkz206,NA,
rplC,T460C,Linezolid,"Pi R, 2019",R,,,,vitro,WGS,31225608,10.1093/jac/dkz150,PRJNA525564,
rrl,G2814T,Linezolid,"Pi R, 2019",R,,,,vitro,WGS,31225608,10.1093/jac/dkz150,PRJNA525564,
rrl,G2270T,Linezolid,"Pi R, 2019",R,,,,vitro,WGS,31225608,10.1093/jac/dkz150,PRJNA525564,
rplC,C154R,Linezolid and Pretomanid,"Hu M, 2020",R,,,,vitro,sanger ,32606825,10.2147/IDR.S257145,NA,
ddn,Y89H,Linezolid and Pretomanid,"Hu M, 2020",R,,,,vitro,sanger ,32606825,10.2147/IDR.S257145,NA,
ddn,V61G,Linezolid and Pretomanid,"Hu M, 2020",R,,,,vitro,sanger ,32606825,10.2147/IDR.S257145,NA,
fgd1,R212Q,Linezolid and Pretomanid,"Hu M, 2020",R,,,,vitro,sanger ,32606825,10.2147/IDR.S257145,NA,
rplC,C154R,Linezolid ,"Nambiar R, 2021",R,,,,clinical ,WGS,34782533,10.4103/ijmr.IJMR_1168_19,Not available,
rrl,G2814T,Linezolid ,"Nambiar R, 2021",R,,,,clinical ,WGS,34782533,10.4103/ijmr.IJMR_1168_19,Not available,
23S rRNA,G2061T,Linezolid ,"Zong Z, 2018 ",R,,,,clinical ,sanger ,29844043,10.1128/AAC.00165-18,NA,
rplC,Cys154Arg,Linezolid ,"Zong Z, 2018 ",R,,,,clinical ,sanger ,29844043,10.1128/AAC.00165-18,NA,
rplC,His155Asp,Linezolid ,"Zong Z, 2018 ",R,,,,clinical ,sanger ,29844043,10.1128/AAC.00165-18,NA,
rplD,Arg126His,Linezolid ,"Zong Z, 2018 ",R,,,,clinical ,sanger ,29844043,10.1128/AAC.00165-18,NA,